,date,fromStart,infectionRateCI90,testPositivityRatio,caseDensity,weeklyNewCasesPer100k,infectionRate,FoxPolarity,VoxPolarity
0,2020-03-14,3,0.12,0.128,0.1,0.6,1.83,0.4277031746031746,0.691635
1,2020-03-15,4,0.1,0.124,0.1,0.7,1.83,0.4507164233576642,0.5726142857142857
2,2020-03-16,5,0.1,0.131,0.1,1.0,1.82,0.3218252747252747,0.7335756756756756
3,2020-03-17,6,0.1,0.129,0.2,1.4,1.81,0.4497440677966102,0.6885410256410257
4,2020-03-19,8,0.1,0.127,0.4,2.8,1.79,0.410640306122449,0.7247370370370371
5,2020-03-20,9,0.1,0.122,0.7,4.6,1.77,0.5289638655462184,0.820978125
6,2020-03-21,10,0.1,0.13,0.9,6.6,1.74,0.5460779527559055,0.8301133333333334
7,2020-03-22,11,0.1,0.138,1.3,9.4,1.72,0.3455583081570997,0.7037857142857142
8,2020-03-23,12,0.1,0.147,1.8,12.7,1.69,0.4030227822580645,0.7986275862068966
9,2020-03-24,13,0.1,0.155,2.3,15.9,1.65,0.4164901515151515,0.5041774193548387
10,2020-03-25,14,0.1,0.161,2.6,18.0,1.62,0.4868692537313433,0.689375
11,2020-03-26,15,0.1,0.169,3.1,22.0,1.58,0.3475837465564738,0.6794250000000001
12,2020-03-27,16,0.1,0.174,3.6,25.5,1.54,0.15540375,0.6046194444444445
13,2020-03-28,17,0.1,0.18,4.3,29.9,1.49,0.2270079754601227,0.77975
14,2020-03-29,18,0.1,0.184,4.7,33.0,1.45,0.4656210300429184,0.6870076923076923
15,2020-03-30,19,0.1,0.188,5.2,36.3,1.41,0.4340245989304813,0.4489117647058823
16,2020-03-31,20,0.1,0.193,5.8,40.5,1.36,0.4989977611940299,0.7201068965517241
17,2020-04-01,21,0.1,0.199,6.3,44.3,1.32,0.3671254859611231,0.6181954545454545
18,2020-04-02,22,0.1,0.204,6.9,48.1,1.28,0.4172987096774194,0.6781896551724138
19,2020-04-03,23,0.1,0.208,7.5,52.6,1.25,0.4256061151079137,0.6657580645161291
20,2020-04-04,24,0.1,0.209,8.1,56.8,1.21,0.4847160944206009,0.6952727272727273
21,2020-04-05,25,0.1,0.21,8.4,59.0,1.18,0.5261116788321167,0.7536428571428572
22,2020-04-06,26,0.1,0.211,8.8,61.8,1.15,0.3534349442379182,0.7996952380952381
23,2020-04-07,27,0.1,0.208,9.1,63.6,1.12,0.34518995215311,0.7678321428571427
24,2020-04-08,28,0.1,0.207,9.2,64.7,1.1,0.2896135135135135,0.6578081081081081
25,2020-04-09,29,0.1,0.206,9.4,66.1,1.08,0.4813401234567901,0.8348928571428571
26,2020-04-10,30,0.1,0.206,9.5,66.5,1.06,0.3362107142857143,0.4341925925925926
27,2020-04-11,31,0.1,0.2,9.3,65.4,1.04,0.4363961373390558,0.266725
28,2020-04-12,32,0.1,0.2,9.4,65.9,1.03,0.4911898360655738,0.7466555555555555
29,2020-04-13,33,0.1,0.199,9.2,64.4,1.02,0.3282407228915662,0.7066600000000001
30,2020-04-14,34,0.1,0.199,9.0,63.3,1.01,0.3437677725118483,0.8652185185185185
31,2020-04-15,35,0.1,0.197,9.0,63.1,1.0,0.3214393650793651,0.3634478260869564
32,2020-04-16,36,0.1,0.194,8.9,62.3,0.99,0.2470049079754601,0.691371875
33,2020-04-17,37,0.1,0.188,8.8,61.7,0.99,0.3631646226415094,0.5131333333333333
34,2020-04-18,38,0.1,0.188,8.7,60.7,0.99,0.4786698051948052,0.4725941176470588
35,2020-04-19,39,0.1,0.183,8.6,60.1,0.98,0.4255495515695067,0.58422
36,2020-04-20,40,0.1,0.179,8.7,60.6,0.98,0.351388961038961,0.560329411764706
37,2020-04-21,41,0.1,0.173,8.6,60.3,0.98,0.1864564102564102,0.5627478260869566
38,2020-04-22,42,0.1,0.167,8.6,60.0,0.98,0.3573883458646616,0.4878444444444444
39,2020-04-23,43,0.1,0.162,8.7,60.6,0.98,0.2950904458598726,0.7103428571428572
40,2020-04-24,44,0.1,0.158,8.8,61.9,0.97,0.3673770440251572,0.4520923076923077
41,2020-04-25,45,0.1,0.155,9.1,63.5,0.97,0.363395337995338,0.8857111111111111
42,2020-04-26,46,0.1,0.154,9.1,63.9,0.97,0.2226735849056604,0.4377727272727272
43,2020-04-27,47,0.1,0.151,8.9,62.6,0.96,0.4114365384615385,0.380025
44,2020-04-28,48,0.1,0.147,8.9,62.3,0.96,0.1567862559241706,0.5460121212121212
45,2020-04-29,49,0.1,0.144,8.8,61.6,0.95,0.400673500967118,0.6272068965517241
46,2020-04-30,50,0.1,0.14,8.7,60.6,0.95,0.3615875609756097,0.6424666666666666
47,2020-05-01,51,0.1,0.136,8.5,59.7,0.95,0.4185179271708683,0.3486357142857143
48,2020-05-02,52,0.1,0.132,8.3,58.4,0.94,0.374588326848249,0.4411636363636363
49,2020-05-03,53,0.1,0.128,8.3,58.2,0.94,0.3405959119496855,0.6937000000000001
50,2020-05-04,54,0.1,0.124,8.3,57.9,0.94,0.3713384439359268,0.3786625
51,2020-05-05,55,0.1,0.122,8.2,57.6,0.94,0.2221367412140575,0.7368894736842105
52,2020-05-06,56,0.1,0.117,8.1,57.0,0.94,0.3642232484076433,0.7073791666666667
53,2020-05-07,57,0.1,0.112,8.1,56.4,0.94,0.339895652173913,0.8096695652173913
54,2020-05-08,58,0.1,0.107,7.8,54.9,0.94,0.2784328947368421,0.504016
55,2020-05-09,59,0.1,0.103,7.6,53.5,0.94,0.3779835820895522,0.7298875
56,2020-05-10,60,0.1,0.1,7.4,51.7,0.94,0.4847444444444445,0.656
57,2020-05-11,61,0.1,0.097,7.2,50.4,0.94,0.419774251497006,0.3967346153846154
58,2020-05-12,62,0.1,0.093,7.1,50.0,0.95,0.3003036971830986,0.5334500000000001
59,2020-05-13,63,0.1,0.089,7.0,49.0,0.95,0.3777504807692308,0.5904090909090909
60,2020-05-14,64,0.1,0.086,6.9,48.5,0.95,0.4230622950819672,0.6377894736842106
61,2020-05-15,65,0.1,0.084,6.9,48.1,0.96,0.3536906451612903,0.7750380952380953
62,2020-05-16,66,0.1,0.082,6.8,47.7,0.96,0.3109506711409396,0.4890166666666666
63,2020-05-17,67,0.1,0.082,6.8,47.3,0.96,0.3265739946380697,0.4314428571428572
64,2020-05-18,68,0.1,0.081,6.9,48.6,0.97,0.1784050505050504,0.5661764705882353
65,2020-05-19,69,0.1,0.08,6.9,48.2,0.97,0.3355140077821012,0.5111
66,2020-05-20,70,0.1,0.079,7.0,48.8,0.97,0.2837521978021978,0.6005541666666666
67,2020-05-21,71,0.1,0.077,6.9,48.3,0.97,0.3647546296296297,0.6291863636363636
68,2020-05-22,72,0.1,0.076,6.8,47.5,0.97,0.3361546031746031,0.6035684210526316
69,2020-05-23,73,0.1,0.074,6.7,47.1,0.98,0.2064715231788079,0.3171666666666666
70,2020-05-24,74,0.1,0.072,6.8,47.4,0.98,0.3719462214411247,0.99228
71,2020-05-25,75,0.1,0.071,6.7,46.6,0.98,0.369372026431718,0.3276833333333333
72,2020-05-26,76,0.1,0.07,6.6,46.0,0.98,0.3475444444444444,0.5201619047619048
73,2020-05-27,77,0.1,0.069,6.4,44.7,0.98,0.1855979865771812,0.4241130434782608
74,2020-05-28,78,0.1,0.068,6.3,43.9,0.98,0.0783656957928802,0.5991875
75,2020-05-29,79,0.1,0.067,6.3,44.1,0.99,0.0597149897330595,-0.0231135135135135
76,2020-05-30,80,0.1,0.066,6.3,44.4,0.99,-0.0352419312169312,-0.3209083333333333
77,2020-05-31,81,0.1,0.065,6.4,44.6,0.99,-0.1388275294117647,0.1641299999999999
78,2020-06-02,83,0.1,0.063,6.5,45.5,1.0,-0.032239794168096,-0.2285033333333333
79,2020-06-03,84,0.1,0.062,6.6,45.9,1.01,-0.13419,0.1888857142857142
80,2020-06-04,85,0.1,0.061,6.5,45.4,1.01,-0.0333534562211981,-0.1053764705882353
81,2020-06-05,86,0.1,0.06,6.5,45.3,1.02,0.157456836461126,-0.2211111111111111
82,2020-06-06,87,0.1,0.059,6.4,45.0,1.03,0.2364432773109243,-0.17844375
83,2020-06-07,88,0.1,0.058,6.3,44.3,1.04,-0.0572470297029703,-0.2511
84,2020-06-08,89,0.1,0.059,6.2,43.5,1.05,0.2621424242424242,0.1830833333333333
85,2020-06-09,90,0.1,0.058,6.2,43.3,1.06,0.2348971666666666,-0.1006666666666666
86,2020-06-10,91,0.1,0.058,6.2,43.4,1.07,0.1304214797136038,-0.0765652173913043
87,2020-06-11,92,0.1,0.057,6.3,44.1,1.09,0.0379654696132596,-0.0834904761904761
88,2020-06-12,93,0.1,0.058,6.3,44.4,1.1,0.1755363924050632,0.037624
89,2020-06-13,94,0.1,0.058,6.4,44.9,1.11,0.2545683185840708,0.9759
90,2020-06-14,95,0.1,0.059,6.4,45.1,1.13,-0.1414509727626459,-0.7213666666666666
91,2020-06-15,96,0.1,0.061,6.5,45.6,1.14,0.1476825806451613,0.3202833333333333
92,2020-06-16,97,0.1,0.063,6.8,47.5,1.15,-0.0293867605633802,0.0207590909090909
93,2020-06-17,98,0.1,0.066,7.0,49.0,1.16,0.1827882352941176,0.3992772727272727
94,2020-06-18,99,0.1,0.069,7.2,50.5,1.17,0.1420368421052631,0.14445
95,2020-06-19,100,0.1,0.072,7.5,52.4,1.18,0.2633327450980392,0.1965
96,2020-06-20,101,0.1,0.074,7.8,54.8,1.19,0.3320995260663507,0.4135714285714286
97,2020-06-21,102,0.1,0.076,8.1,57.0,1.19,0.3418682080924855,0.9966
98,2020-06-22,103,0.1,0.077,8.6,60.1,1.19,0.1351,0.46964375
99,2020-06-23,104,0.1,0.078,9.0,63.1,1.2,0.2058418032786885,0.4233807692307692
100,2020-06-24,105,0.1,0.079,9.5,66.6,1.2,0.2170675675675675,0.2802
101,2020-06-25,106,0.1,0.08,10.0,69.9,1.19,0.1764098101265822,0.706225
102,2020-06-26,107,0.1,0.083,10.6,74.0,1.19,0.3076864035087719,0.6178833333333333
103,2020-06-27,108,0.1,0.085,11.0,77.1,1.19,0.2818552050473186,0.9636
104,2020-06-28,109,0.1,0.086,11.6,81.1,1.18,0.0992454545454545,-0.079
105,2020-06-29,110,0.1,0.088,12.0,83.8,1.18,0.1083451162790697,0.56255
106,2020-06-30,111,0.1,0.091,12.5,87.8,1.17,0.0746045454545454,0.4248
107,2020-07-01,112,0.1,0.095,13.1,91.8,1.16,0.245933073929961,0.328178947368421
108,2020-07-02,113,0.1,0.097,13.8,96.7,1.16,0.1688531400966183,0.5472733333333333
109,2020-07-03,114,0.1,0.098,14.3,100.2,1.15,0.1797059405940594,0.3338
111,2020-07-05,116,0.1,0.102,14.9,104.2,1.14,0.2487551282051282,0.9943
112,2020-07-06,117,0.1,0.104,15.2,106.3,1.13,0.1936552188552188,0.6651166666666667
113,2020-07-07,118,0.1,0.105,15.4,108.0,1.12,0.1956014117647058,0.6001615384615385
114,2020-07-08,119,0.1,0.105,15.8,110.9,1.11,0.3232942105263158,0.3455666666666667
115,2020-07-09,120,0.1,0.105,16.0,112.2,1.11,0.3065784897025171,0.331425
116,2020-07-10,121,0.1,0.105,16.5,115.5,1.1,0.3224269592476489,0.7302333333333333
117,2020-07-11,122,0.1,0.105,17.0,118.8,1.09,0.264270564516129,0.9914
118,2020-07-12,123,0.1,0.105,17.5,122.7,1.08,0.1432296442687747,0.6658666666666667
119,2020-07-13,124,0.1,0.104,18.2,127.2,1.07,0.1726425925925926,0.9874444444444443
120,2020-07-14,125,0.1,0.104,18.7,130.7,1.07,0.0997435643564356,0.773775
121,2020-07-15,126,0.1,0.103,19.1,133.4,1.06,0.1422085784313725,0.6408866666666667
122,2020-07-16,127,0.1,0.102,19.7,138.1,1.05,0.2252473684210526,0.3922333333333332
123,2020-07-17,128,0.1,0.101,19.8,138.9,1.04,0.124026213592233,0.8085866666666667
124,2020-07-18,129,0.1,0.1,19.9,139.4,1.03,0.1112208333333333,0.57478
125,2020-07-19,130,0.1,0.099,20.1,140.8,1.02,0.1853959568733154,0.15535
126,2020-07-20,131,0.1,0.098,20.0,140.3,1.01,0.2142821705426356,0.4024142857142857
127,2020-07-21,132,0.1,0.097,20.0,140.2,1.0,0.1930462962962963,0.6614416666666666
128,2020-07-22,133,0.1,0.096,20.1,140.6,0.99,0.1226355769230769,0.5826666666666667
129,2020-07-23,134,0.1,0.095,19.8,138.9,0.98,0.1705176136363636,0.3507833333333334
130,2020-07-24,135,0.1,0.094,19.9,139.5,0.98,0.2825668032786885,0.6626785714285715
131,2020-07-25,136,0.1,0.093,20.1,140.9,0.97,0.3121906810035842,0.9949
132,2020-07-26,137,0.1,0.093,19.8,138.4,0.96,0.2287787003610108,0.99715
133,2020-07-27,138,0.1,0.092,19.7,138.2,0.96,0.2153015957446808,0.829275
134,2020-07-28,139,0.1,0.09,19.6,137.5,0.95,0.0908256172839506,0.6240066666666667
135,2020-07-29,140,0.1,0.089,19.5,136.5,0.95,0.18989332247557,0.8619875
136,2020-07-30,141,0.1,0.088,19.5,136.2,0.94,0.2789661157024793,0.8425714285714285
137,2020-07-31,142,0.1,0.087,19.3,135.0,0.94,0.3687968169761274,0.5777466666666666
138,2020-08-01,143,0.1,0.085,18.9,132.0,0.94,0.3435213178294574,0.4275142857142857
139,2020-08-02,144,0.1,0.083,18.7,131.0,0.93,0.2276241803278688,0.9447
140,2020-08-03,145,0.1,0.082,18.2,127.5,0.93,0.2353617577197149,0.6840833333333333
141,2020-08-04,146,0.1,0.08,17.8,124.6,0.93,0.2374214953271028,0.6124142857142857
142,2020-08-05,147,0.1,0.079,17.2,120.7,0.93,0.2163030640668523,0.7146750000000001
143,2020-08-06,148,0.1,0.077,16.8,117.3,0.93,0.1774334630350194,0.7372000000000001
144,2020-08-07,149,0.1,0.075,16.4,114.9,0.92,0.3500985074626865,0.2978071428571428
145,2020-08-08,150,0.1,0.074,16.3,114.4,0.92,0.3193522435897436,0.98675
146,2020-08-09,151,0.1,0.073,16.2,113.7,0.92,0.2853504807692307,0.2075
147,2020-08-10,152,0.1,0.072,16.2,113.6,0.92,0.2302469740634005,0.12095
148,2020-08-11,153,0.1,0.07,16.2,113.6,0.92,0.195056906077348,0.573178947368421
149,2020-08-12,154,0.1,0.068,16.2,113.7,0.92,0.4345589371980676,0.97796
150,2020-08-13,155,0.1,0.067,16.1,112.7,0.92,0.392022641509434,0.4624999999999999
151,2020-08-14,156,0.1,0.065,16.0,111.9,0.92,0.2615790697674418,0.5629583333333333
152,2020-08-15,157,0.1,0.064,15.8,110.6,0.92,0.2527376288659794,0.6772833333333333
153,2020-08-16,158,0.1,0.063,15.3,107.2,0.92,0.232010546875,0.9960333333333334
154,2020-08-17,159,0.1,0.063,14.8,103.8,0.92,0.2836992924528302,0.4994533333333333
155,2020-08-18,160,0.1,0.061,14.4,100.6,0.92,0.1492207547169811,0.630373076923077
156,2020-08-19,161,0.1,0.06,13.9,97.1,0.93,0.3711997752808988,0.6980529411764705
157,2020-08-20,162,0.1,0.059,13.5,94.7,0.93,0.3134420118343195,0.9182384615384614
158,2020-08-21,163,0.1,0.058,13.1,91.6,0.93,0.3421847826086956,0.7210904761904763
159,2020-08-22,164,0.1,0.057,12.8,89.5,0.94,0.229752229299363,0.9830333333333332
160,2020-08-23,165,0.1,0.057,12.6,88.1,0.94,0.3315401425178147,0.96885
161,2020-08-24,166,0.1,0.056,12.7,88.9,0.94,0.3727447916666667,0.8524263157894737
162,2020-08-25,167,0.1,0.056,12.5,87.8,0.95,0.2999703821656051,0.6928842105263158
163,2020-08-26,168,0.1,0.056,12.6,88.0,0.95,0.4353230769230769,0.4981423076923077
164,2020-08-27,169,0.1,0.056,12.5,87.8,0.95,0.3070276497695852,0.3698703703703703
165,2020-08-28,170,0.1,0.056,12.5,87.2,0.95,0.391363111111111,0.4221666666666666
166,2020-08-29,171,0.1,0.055,12.5,87.3,0.95,0.3254729508196721,0.6767000000000001
167,2020-08-30,172,0.1,0.055,12.5,87.6,0.96,0.2132345724907063,-0.3350333333333333
168,2020-08-31,173,0.1,0.055,12.4,87.0,0.96,0.0810328467153284,0.20619
169,2020-09-02,175,0.1,0.054,12.4,86.5,0.96,0.2093625850340136,0.5269
170,2020-09-03,176,0.1,0.054,12.4,86.8,0.96,-0.0018113207547169,0.26088125
171,2020-09-04,177,0.1,0.053,12.4,86.6,0.97,0.1321540404040404,0.4912416666666666
172,2020-09-05,178,0.1,0.052,12.3,85.8,0.97,0.2201046242774566,0.98725
173,2020-09-06,179,0.1,0.052,12.1,84.6,0.98,0.1117601851851851,0.003775
174,2020-09-07,180,0.1,0.052,11.5,80.7,0.98,0.0718617647058823,0.9914
175,2020-09-08,181,0.1,0.051,11.1,77.8,0.99,0.2538808917197452,0.5529571428571429
176,2020-09-09,182,0.1,0.05,10.8,75.7,0.99,0.1401504901960784,0.4414388888888889
177,2020-09-10,183,0.1,0.049,10.5,73.4,1.0,0.1090582677165354,0.6779384615384616
178,2020-09-11,184,0.1,0.047,10.6,73.9,1.01,0.1463728476821192,0.5595214285714285
179,2020-09-12,185,0.1,0.047,10.4,72.9,1.01,-0.0659520833333333,0.3643333333333333
180,2020-09-13,186,0.1,0.047,10.5,73.3,1.02,0.2597141304347826,0.97395
181,2020-09-14,187,0.1,0.046,11.0,76.8,1.02,0.0374990990990991,0.2912529411764706
182,2020-09-15,188,0.1,0.046,11.3,79.3,1.03,0.3428317580340265,0.6438076923076923
183,2020-09-16,189,0.1,0.046,11.6,81.1,1.03,0.3011600928074246,0.166
184,2020-09-17,190,0.1,0.046,11.9,83.1,1.03,0.1971928118393234,0.2707272727272727
185,2020-09-18,191,0.1,0.046,11.9,83.2,1.04,0.2401823529411764,0.8115217391304348
186,2020-09-19,192,0.1,0.045,12.0,84.1,1.04,0.3419753768844221,0.6858210526315789
187,2020-09-20,193,0.1,0.045,12.1,84.9,1.04,0.3688588996763754,0.3843666666666666
188,2020-09-22,195,0.1,0.046,12.2,85.3,1.04,0.2133646840148698,0.43652
189,2020-09-23,196,0.1,0.046,12.3,86.2,1.04,0.2691461538461538,0.68966
190,2020-09-24,197,0.1,0.046,12.3,86.3,1.04,0.1235076363636363,0.3752727272727272
191,2020-09-25,198,0.1,0.046,12.3,85.9,1.04,0.3414218106995885,0.496847619047619
192,2020-09-26,199,0.1,0.047,12.3,86.2,1.04,0.3361123417721519,0.7507875
193,2020-09-27,200,0.1,0.047,12.5,87.3,1.04,0.4209827411167512,0.986075
194,2020-09-28,201,0.1,0.048,12.3,86.1,1.05,0.4902346341463414,0.53754375
195,2020-09-29,202,0.1,0.048,12.6,88.3,1.05,0.3780989864864865,0.5900166666666666
196,2020-09-30,203,0.1,0.048,12.6,88.1,1.06,0.2984103286384976,0.5904875
197,2020-10-01,204,0.1,0.048,12.6,88.5,1.06,0.2626274760383386,0.4436380952380952
198,2020-10-02,205,0.1,0.048,12.8,89.5,1.07,0.4430556338028169,0.50281
199,2020-10-03,206,0.1,0.048,13.0,90.7,1.07,0.2608757009345794,0.5866444444444444
200,2020-10-04,207,0.1,0.048,12.9,90.0,1.08,0.3743510638297872,0.5254749999999999
201,2020-10-05,208,0.1,0.048,13.0,91.1,1.08,0.4168381165919282,0.43685
202,2020-10-06,209,0.1,0.048,13.0,91.3,1.09,0.4419018181818182,0.7756166666666666
203,2020-10-07,210,0.1,0.048,13.5,94.4,1.09,0.2666722222222222,0.6153178571428571
204,2020-10-08,211,0.1,0.048,13.9,97.4,1.09,0.3189594696969697,0.6725157894736842
205,2020-10-09,212,0.1,0.049,14.3,100.0,1.1,0.3280162895927602,0.37894
206,2020-10-10,213,0.1,0.049,14.5,101.5,1.1,0.4097970198675497,0.4027125
207,2020-10-11,214,0.1,0.05,14.9,104.4,1.11,0.1720155778894472,0.27315
208,2020-10-12,215,0.1,0.052,15.2,106.5,1.11,0.3965479262672811,0.6486692307692308
209,2020-10-13,216,0.1,0.054,15.7,110.0,1.11,0.3631247619047619,0.9450583333333332
210,2020-10-14,217,0.1,0.055,16.1,112.7,1.11,0.3654113513513514,0.7071565217391305
211,2020-10-15,218,0.1,0.056,16.5,115.4,1.11,0.303234,0.8498857142857142
212,2020-10-16,219,0.1,0.058,17.0,118.8,1.12,0.3375457364341085,0.6621290322580645
213,2020-10-17,220,0.1,0.058,17.0,119.2,1.12,0.2804215189873418,0.0557999999999999
214,2020-10-18,221,0.1,0.059,17.2,120.1,1.12,0.2668894736842105,0.98502
215,2020-10-19,222,0.1,0.059,17.9,125.4,1.12,0.406090350877193,0.8465083333333333
216,2020-10-20,223,0.1,0.059,18.2,127.2,1.13,0.3967710365853658,0.7771619047619047
217,2020-10-21,224,0.1,0.06,18.4,128.5,1.13,0.2485794392523364,0.7347066666666666
218,2020-10-22,225,0.1,0.061,18.8,131.5,1.13,0.3591019736842105,0.5081433333333333
220,2020-10-24,227,0.1,0.064,20.4,142.6,1.14,0.3487071428571428,0.5138875
221,2020-10-25,228,0.1,0.066,20.9,146.1,1.15,0.3160623529411764,0.4203571428571428
222,2020-10-26,229,0.1,0.067,21.1,147.8,1.15,0.282748427672956,0.7370217391304348
223,2020-10-27,230,0.1,0.068,21.7,151.9,1.16,0.2664038834951456,0.8308807692307691
224,2020-10-28,231,0.1,0.069,22.5,157.3,1.16,0.2484058098591549,0.5918
225,2020-10-29,232,0.1,0.071,23.1,162.0,1.17,0.3270407643312101,0.5630400000000001
226,2020-10-30,233,0.1,0.073,23.9,167.5,1.17,0.3223703703703704,0.906156
227,2020-10-31,234,0.1,0.074,24.2,169.2,1.18,0.5085294663573086,0.6124333333333333
228,2020-11-01,235,0.1,0.076,24.7,173.1,1.18,0.4211340659340659,0.39198
229,2020-11-02,236,0.1,0.077,25.7,180.1,1.19,0.5100685606060605,0.5191666666666667
230,2020-11-03,237,0.1,0.08,26.5,185.6,1.19,0.4685284671532846,0.6501272727272728
231,2020-11-04,238,0.1,0.083,27.6,193.5,1.19,0.4942775943396226,0.7898931506849315
232,2020-11-05,239,0.1,0.086,29.0,202.7,1.19,0.3809765079365079,0.639268
233,2020-11-06,240,0.1,0.089,30.3,212.3,1.19,0.3376648148148148,0.8116911111111111
234,2020-11-07,241,0.1,0.091,31.9,223.6,1.18,0.41821,0.7453
235,2020-11-08,242,0.1,0.094,33.3,232.9,1.18,0.4004629392971245,0.8988909090909091
236,2020-11-09,243,0.1,0.097,34.8,243.8,1.17,0.3266112804878049,0.8625722222222222
237,2020-11-10,244,0.1,0.1,36.9,258.0,1.16,0.3095211796246649,0.516915
239,2020-11-12,246,0.1,0.106,40.2,281.3,1.14,0.3479521428571429,0.4078933333333333
240,2020-11-13,247,0.1,0.108,42.3,296.2,1.13,0.163891156462585,0.7066142857142858
241,2020-11-14,248,0.1,0.109,43.9,307.6,1.12,0.3094119246861924,0.50365
242,2020-11-15,249,0.1,0.109,45.3,317.2,1.11,0.2731122641509434,0.990675
243,2020-11-16,250,0.1,0.108,46.9,328.1,1.1,0.302513782051282,0.3259
244,2020-11-17,251,0.1,0.107,47.8,334.8,1.09,0.2089575197889182,0.8857333333333333
245,2020-11-18,252,0.1,0.105,49.1,343.7,1.08,0.3167818181818181,0.8738699999999999
246,2020-11-19,253,0.1,0.104,50.1,350.9,1.07,0.3301817330210772,0.8757055555555556
247,2020-11-20,254,0.1,0.103,50.9,356.1,1.06,0.255082044198895,0.9638277777777778
248,2020-11-21,255,0.1,0.102,51.4,360.0,1.06,0.344488326848249,0.98348
249,2020-11-22,256,0.1,0.101,51.7,361.7,1.05,0.3253646956521739,0.95252
250,2020-11-23,257,0.1,0.1,52.2,365.7,1.05,0.2568114285714286,0.81098
251,2020-11-24,258,0.1,0.099,52.9,370.6,1.05,0.4385575949367088,0.6833235294117648
252,2020-11-25,259,0.1,0.099,53.3,373.1,1.05,0.4407147435897436,0.7932
253,2020-11-26,260,0.1,0.099,49.7,347.6,1.05,0.377780904522613,0.775475
254,2020-11-27,261,0.1,0.101,50.0,349.7,1.05,0.3423522727272727,0.22104
255,2020-11-28,262,0.1,0.104,49.1,343.5,1.05,0.3468258706467662,0.9929
256,2020-11-29,263,0.1,0.107,48.9,342.1,1.06,0.3583434285714285,0.2364666666666666
257,2020-11-30,264,0.1,0.11,48.4,338.5,1.06,0.3078377142857142,0.8065785714285714
258,2020-12-01,265,0.1,0.113,48.6,340.1,1.06,0.2646013812154696,0.6901769230769231
259,2020-12-02,266,0.1,0.118,49.5,346.2,1.06,0.2288079229122055,0.7585294117647059
260,2020-12-03,267,0.1,0.12,54.4,380.9,1.06,0.3027484641638225,0.4611058823529412
261,2020-12-04,268,0.1,0.12,55.5,388.6,1.06,0.3721441108545034,0.6842307692307692
262,2020-12-05,269,0.1,0.12,57.8,404.9,1.06,0.2107544827586207,0.0126999999999999
263,2020-12-06,270,0.1,0.12,59.4,415.7,1.06,0.3368468487394958,0.500675
264,2020-12-07,271,0.1,0.12,61.0,426.9,1.05,0.3021504587155963,0.7371625
265,2020-12-08,272,0.1,0.119,61.4,429.5,1.05,0.3181611464968153,0.9868681818181816
266,2020-12-09,273,0.1,0.118,62.2,435.1,1.04,0.3230295238095238,0.83398125
267,2020-12-10,274,0.1,0.117,62.5,437.5,1.04,0.2664158490566037,0.8177190476190477
268,2020-12-12,276,0.1,0.118,61.4,429.7,1.02,0.2777005464480874,0.36265
269,2020-12-13,277,0.1,0.118,62.0,434.0,1.02,0.3297901678657075,0.9465333333333332
270,2020-12-14,278,0.1,0.119,61.8,432.7,1.01,0.3912219178082191,0.5407157894736843
271,2020-12-15,279,0.1,0.12,62.4,436.8,1.0,0.3501584415584415,0.4168894736842105
272,2020-12-16,280,0.1,0.12,63.7,445.6,1.0,0.2351751937984496,0.4186071428571428
273,2020-12-17,281,0.1,0.12,64.3,449.8,0.99,0.2591710843373493,0.4787333333333333
274,2020-12-18,282,0.1,0.121,65.9,461.3,0.99,0.2549915322580645,0.5690833333333333
275,2020-12-19,283,0.1,0.12,65.3,457.2,0.99,0.3456117647058824,0.8333181818181817
276,2020-12-20,284,0.1,0.119,65.1,455.9,0.99,0.3185736170212766,0.99488
277,2020-12-21,285,0.1,0.119,65.2,456.1,0.99,0.2454875,0.9687466666666666
278,2020-12-22,286,0.1,0.118,65.1,455.7,0.99,0.3610685534591195,0.9602655172413792
279,2020-12-23,287,0.1,0.118,64.4,450.5,1.0,0.4287685258964143,0.8720368421052631
280,2020-12-24,288,0.1,0.117,62.5,437.2,1.01,0.4010031818181818,0.4918166666666666
281,2020-12-25,289,0.1,0.119,56.0,391.9,1.01,0.3113680365296803,-0.1438666666666667
282,2020-12-26,290,0.1,0.122,57.0,398.8,1.02,0.4957671361502347,0.9789
283,2020-12-27,291,0.1,0.125,55.8,390.4,1.03,0.1559554502369668,0.9963
284,2020-12-28,292,0.1,0.129,55.2,386.6,1.04,0.2618777777777777,0.7800333333333334
285,2020-12-29,293,0.1,0.135,55.2,386.5,1.04,0.2650170616113744,0.7754
286,2020-12-30,294,0.1,0.141,55.3,386.8,1.05,0.357784350132626,0.3716875
287,2020-12-31,295,0.1,0.147,56.9,398.1,1.05,0.278014847161572,0.16418
288,2021-01-01,296,0.1,0.149,58.9,412.1,1.05,0.0576236363636363,0.4784
289,2021-01-02,297,0.1,0.15,62.1,434.7,1.05,0.4503746113989638,-0.4901999999999999
290,2021-01-03,298,0.1,0.151,64.2,449.7,1.05,0.3345408163265306,0.776625
291,2021-01-04,299,0.1,0.15,64.7,453.2,1.04,0.4096536144578313,0.41077
292,2021-01-05,300,0.1,0.149,66.2,463.4,1.03,0.3322743827160493,0.8575071428571429
293,2021-01-06,301,0.1,0.148,67.4,471.6,1.02,0.3363973890339425,0.4167805555555555
294,2021-01-07,302,0.1,0.144,69.5,486.5,1.01,0.083309628610729,0.0281966666666666
295,2021-01-08,303,0.1,0.14,76.1,532.8,1.0,0.0180189189189189,0.0342590909090909
296,2021-01-09,304,0.1,0.137,74.4,520.8,0.98,0.0541553086419753,0.2835111111111111
297,2021-01-10,305,0.1,0.135,74.7,522.8,0.97,0.116068923076923,-0.1394
298,2021-01-11,306,0.1,0.133,75.8,530.5,0.95,0.2455354166666666,0.2540285714285714
299,2021-01-12,307,0.1,0.129,75.6,528.9,0.94,0.1996876010781671,0.2451181818181818
300,2021-01-13,308,0.1,0.125,74.4,520.9,0.92,0.1036979035639413,0.2508884615384615
301,2021-01-14,309,0.1,0.121,72.5,507.5,0.91,0.1658854961832061,0.29223125
302,2021-01-15,310,0.1,0.118,69.9,489.1,0.9,0.2651749103942652,0.6002125
303,2021-01-16,311,0.1,0.116,67.7,474.1,0.89,0.0671474530831099,-0.0504357142857142
304,2021-01-17,312,0.1,0.114,66.1,462.6,0.88,0.0384987551867219,-0.3225111111111111
305,2021-01-18,313,0.1,0.112,62.4,436.9,0.88,0.2398002702702703,-0.0429777777777777
306,2021-01-19,314,0.1,0.11,60.6,424.0,0.87,0.2212091463414634,0.4145809523809523
307,2021-01-20,315,0.1,0.107,58.7,410.8,0.87,0.4947255952380952,0.5903536585365854
308,2021-01-21,316,0.1,0.105,56.7,397.1,0.86,0.4329917562724014,0.6809375000000001
309,2021-01-22,317,0.1,0.102,54.6,382.5,0.86,0.1513812757201646,0.3785866666666667
310,2021-01-23,318,0.1,0.1,53.2,372.2,0.86,0.3240606927710843,0.4947249999999999
311,2021-01-24,319,0.1,0.099,51.4,360.0,0.86,0.3930095679012345,0.9079
312,2021-01-25,320,0.1,0.098,52.1,364.6,0.85,0.3727406015037594,0.5152307692307693
313,2021-01-26,321,0.1,0.095,50.5,353.6,0.85,0.1999374476987447,0.4103791666666667
314,2021-01-27,322,0.1,0.093,49.2,344.7,0.85,0.2136521028037383,0.4687631578947368
315,2021-01-28,323,0.1,0.091,48.2,337.3,0.85,0.3235920245398773,0.6622833333333333
316,2021-01-29,324,0.1,0.089,47.0,329.2,0.84,0.2852458937198068,0.3904
317,2021-01-30,325,0.1,0.087,45.6,318.9,0.84,0.150035632183908,0.7058857142857143
318,2021-01-31,326,0.1,0.086,44.9,314.2,0.84,0.2274206666666666,-0.3365666666666667
319,2021-02-02,328,0.1,0.082,42.7,299.0,0.83,0.1884230769230769,0.4445208333333333
320,2021-02-03,329,0.1,0.08,40.4,282.7,0.83,0.1689212355212355,0.3192210526315789
321,2021-02-04,330,0.1,0.077,38.4,268.5,0.83,0.2100559748427672,0.6658421052631579
322,2021-02-05,331,0.1,0.075,36.6,256.1,0.82,0.2777490521327014,0.6812549999999999
323,2021-02-06,332,0.1,0.074,35.1,245.9,0.82,0.434125,0.5890285714285713
324,2021-02-07,333,0.1,0.073,33.8,236.5,0.82,0.5627777777777778,0.3234
325,2021-02-08,334,0.1,0.071,33.0,230.8,0.82,0.3819803713527851,0.6542166666666667
326,2021-02-09,335,0.1,0.069,32.2,225.1,0.83,0.1826390593047034,0.2170949999999999
327,2021-02-10,336,0.1,0.067,31.5,220.7,0.83,0.1679930875576037,0.27965
328,2021-02-11,337,0.1,0.066,30.7,214.7,0.83,0.0774641509433962,0.4201714285714286
329,2021-02-12,338,0.1,0.065,29.4,205.7,0.84,0.1404723618090452,0.2996833333333333
330,2021-02-13,339,0.1,0.064,28.5,199.5,0.85,-0.0019595041322314,0.5546300000000001
331,2021-02-14,340,0.1,0.062,27.5,192.4,0.85,0.1577664772727272,0.8701
332,2021-02-15,341,0.1,0.061,25.9,181.1,0.86,0.2235883495145631,0.45564
333,2021-02-16,342,0.1,0.06,24.5,171.5,0.87,0.118430731707317,0.4690333333333333
334,2021-02-17,343,0.1,0.059,23.4,163.8,0.88,0.2738920972644377,0.4556125
335,2021-02-18,344,0.1,0.057,21.9,153.6,0.88,0.3249127272727272,0.7524928571428572
336,2021-02-19,345,0.1,0.055,21.0,147.0,0.89,0.3221438775510204,0.6288294117647059
337,2021-02-20,346,0.1,0.053,20.4,142.5,0.9,0.2861042944785276,0.4182142857142857
338,2021-02-21,347,0.1,0.053,20.0,139.9,0.91,0.2623171779141104,0.1181499999999999
339,2021-02-22,348,0.1,0.053,20.2,141.2,0.91,0.3235622641509433,0.09867
340,2021-02-23,349,0.1,0.051,20.5,143.4,0.92,0.3318170984455958,0.7704777777777778
341,2021-02-24,350,0.1,0.05,20.7,144.9,0.92,0.2758452173913043,0.5370409090909091
342,2021-02-25,351,0.1,0.049,21.0,146.7,0.92,0.2458412451361867,0.9887833333333336
343,2021-02-26,352,0.1,0.049,21.0,146.8,0.93,0.1903320954907162,0.3001869565217391
344,2021-02-27,353,0.1,0.048,20.7,144.7,0.93,0.3137184848484848,0.0017666666666666
345,2021-02-28,354,0.1,0.047,20.3,142.4,0.93,0.2679024691358024,0.3255666666666666
346,2021-03-01,355,0.1,0.046,20.2,141.2,0.93,0.4118125523012552,0.4541869565217392
347,2021-03-02,356,0.1,0.045,19.6,136.9,0.93,0.1961001890359168,0.65112
348,2021-03-03,357,0.1,0.044,19.1,133.8,0.94,0.1815305154639175,0.7066652173913043
350,2021-03-05,359,0.1,0.042,18.1,126.8,0.94,0.1965533898305084,0.3133117647058823
351,2021-03-06,360,0.1,0.042,17.8,124.9,0.94,0.0934306122448979,0.9931714285714286
352,2021-03-07,361,0.1,0.042,17.5,122.6,0.95,0.1976552380952381,0.3339
353,2021-03-08,362,0.1,0.042,17.2,120.5,0.95,0.3348674796747967,0.5709842105263158
354,2021-03-09,363,0.1,0.041,17.1,119.4,0.95,0.2518513089005235,0.8287666666666667
355,2021-03-10,364,0.1,0.041,16.8,117.7,0.96,0.2757339534883721,0.7054666666666667
356,2021-03-11,365,0.1,0.041,16.6,116.0,0.97,0.2129886554621848,0.4017352941176471
357,2021-03-12,366,0.1,0.042,16.5,115.6,0.97,0.2944347593582888,0.5910090909090909
358,2021-03-13,367,0.1,0.042,16.2,113.4,0.98,0.2558149425287356,0.5010833333333333
359,2021-03-14,368,0.1,0.042,16.1,112.8,0.99,0.2246400921658986,-0.2780333333333333
360,2021-03-15,369,0.1,0.042,16.3,114.1,1.0,0.2231154761904762,0.468895652173913
361,2021-03-16,370,0.1,0.043,16.3,114.1,1.0,0.2825603773584905,0.72702
362,2021-03-17,371,0.1,0.043,16.3,114.3,1.01,0.279395223880597,0.1502549999999999
363,2021-03-18,372,0.1,0.043,16.3,114.0,1.02,0.2134788990825687,0.2467875
364,2021-03-19,373,0.1,0.044,16.1,112.9,1.03,0.2992603448275862,0.7242000000000001
365,2021-03-20,374,0.1,0.044,16.3,114.4,1.03,0.1302152709359606,0.22586
366,2021-03-21,375,0.1,0.044,16.2,113.2,1.04,0.1967812030075188,0.39366
367,2021-03-22,376,0.1,0.044,16.3,113.9,1.04,0.2247695833333333,0.5795928571428571
368,2021-03-23,377,0.1,0.045,16.4,114.7,1.05,0.1295718468468468,0.3930538461538461
369,2021-03-26,380,0.1,0.048,16.6,116.0,1.06,0.2428547826086956,0.4420368421052632
370,2021-03-27,381,0.1,0.049,16.9,118.6,1.06,0.2637179347826087,0.98902
371,2021-03-28,382,0.1,0.05,17.6,123.0,1.06,0.1208320754716981,-0.2512
372,2021-03-29,383,0.1,0.05,18.5,129.7,1.06,0.2506021472392638,0.6648846153846153
373,2021-03-30,384,0.1,0.052,18.9,132.0,1.05,0.1131060747663551,0.5574916666666666
374,2021-03-31,385,0.1,0.053,19.1,133.9,1.05,0.2960459383753501,0.5335619047619048
375,2021-04-01,386,0.1,0.053,19.7,138.1,1.05,0.1825540625,0.687225
376,2021-04-02,387,0.1,0.053,19.5,136.3,1.04,0.2985356923076923,0.6992333333333334
377,2021-04-03,388,0.1,0.054,19.6,137.4,1.04,0.2928168539325843,0.9854857142857142
378,2021-04-04,389,0.1,0.054,19.3,135.0,1.03,0.2753819047619047,0.0108499999999999
379,2021-04-06,391,0.1,0.054,19.5,136.7,1.02,0.3353164948453608,0.8086272727272728
380,2021-04-07,392,0.1,0.07,19.7,137.7,1.02,0.068314716981132,0.3401454545454545
381,2021-04-08,393,0.1,0.07,19.8,138.7,1.01,0.2441959183673469,0.2720833333333333
382,2021-04-09,394,0.1,0.07,20.3,142.2,1.0,0.0006480769230769,0.47183125
383,2021-04-10,395,0.1,0.07,20.3,142.2,0.99,0.2770818181818182,0.2043
384,2021-04-11,396,0.1,0.07,20.8,145.6,0.99,0.1558410447761194,0.4013
385,2021-04-12,397,0.1,0.069,20.6,144.2,0.98,0.1381978260869565,0.3811799999999999
386,2021-04-13,398,0.1,0.069,21.2,148.4,0.97,0.1356285178236398,0.6009692307692307
387,2021-04-14,399,0.1,0.054,21.4,149.7,0.96,-0.0411934782608695,0.2182888888888888
388,2021-04-15,400,0.1,0.054,21.1,147.7,0.95,0.0531502066115702,0.5221352941176471
389,2021-04-16,401,0.1,0.054,21.0,147.1,0.95,0.1583999999999999,0.77702
390,2021-04-17,402,0.1,0.053,20.7,145.2,0.94,0.16768625,0.8930400000000001
391,2021-04-18,403,0.1,0.052,20.5,143.2,0.93,0.1225865384615384,0.9965
392,2021-04-19,404,0.1,0.052,20.2,141.2,0.92,0.0505841025641025,0.4828666666666666
393,2021-04-20,405,0.1,0.051,19.5,136.2,0.92,0.1865699074074074,-0.0830692307692307
394,2021-04-21,406,0.1,0.05,18.9,132.2,0.91,0.1114368421052631,0.360425
395,2021-04-22,407,0.1,0.049,18.6,130.0,0.9,0.0766913432835821,0.766
396,2021-04-23,408,0.1,0.048,17.9,125.6,0.9,0.2352524390243902,0.4048235294117647
397,2021-04-25,410,0.1,0.046,17.6,123.4,0.89,0.1142608571428571,0.60516
398,2021-04-26,411,0.1,0.046,17.2,120.4,0.89,0.1785434389140271,0.9920416666666668
399,2021-04-27,412,0.1,0.045,16.8,117.6,0.88,0.175938679245283,0.9911727272727272
400,2021-04-28,413,0.1,0.044,16.4,114.9,0.88,0.2118026119402985,0.8121545454545455
401,2021-04-29,414,0.1,0.044,16.0,111.9,0.88,0.2649964391691394,0.6458235294117648
402,2021-04-30,415,0.1,0.043,15.7,110.0,0.87,0.281592609699769,0.7062571428571429
406,2021-05-04,419,0.1,0.041,14.5,101.4,0.86,0.2498659770114942,-0.3325
407,2021-05-05,420,0.1,0.04,13.9,97.6,0.85,0.2659798780487805,0.7329125
408,2021-05-06,421,0.1,0.039,13.5,94.6,0.85,0.3324195945945946,0.4243285714285714
409,2021-05-07,422,0.1,0.038,13.0,91.3,0.85,0.173708280254777,0.9812846153846154
410,2021-05-08,423,0.1,0.037,12.6,87.9,0.84,0.2607783783783783,0.8018
412,2021-05-10,425,0.1,0.035,11.7,81.7,0.84,0.2683876138433515,0.7667777777777778
413,2021-05-11,426,0.1,0.035,11.4,79.6,0.84,0.2336337423312883,0.16975
414,2021-05-12,427,0.1,0.034,11.1,77.6,0.83,0.2608141818181818,0.6292466666666667
415,2021-05-13,428,0.1,0.033,10.6,74.4,0.83,0.2470920844327176,0.8363615384615385
416,2021-05-14,429,0.1,0.032,10.1,71.0,0.83,0.1698794871794871,0.25739
417,2021-05-15,430,0.1,0.031,9.8,68.6,0.83,0.2801319587628866,0.4355
418,2021-05-16,431,0.1,0.031,9.6,66.9,0.83,-0.015195652173913,0.8935333333333334
419,2021-05-17,432,0.1,0.03,9.2,64.7,0.82,0.0469586466165413,0.1205588235294117
420,2021-05-18,433,0.1,0.03,8.9,62.6,0.82,0.2301961309523809,0.98838
421,2021-05-19,434,0.1,0.029,8.6,60.4,0.82,0.1996794044665012,0.5728071428571428
422,2021-05-20,435,0.1,0.029,8.3,58.0,0.81,0.2095809756097561,0.2496833333333333
423,2021-05-21,436,0.1,0.028,8.0,55.7,0.81,0.1270340845070422,0.5479631578947369
424,2021-05-22,437,0.1,0.027,7.6,53.3,0.81,0.1919250783699059,-0.00125
425,2021-05-23,438,0.1,0.027,7.5,52.7,0.81,0.056118064516129,0.9153
426,2021-05-24,439,0.1,0.027,7.4,51.6,0.8,0.0886114285714285,0.417675
427,2021-05-25,440,0.1,0.026,7.2,50.2,0.8,0.0369986111111111,0.7566133333333334
428,2021-05-26,441,0.1,0.025,7.0,48.8,0.8,0.1103524296675192,0.3726
429,2021-05-28,443,0.1,0.024,6.3,44.2,0.81,0.2755707547169811,0.6615
430,2021-05-29,444,0.1,0.024,6.0,41.9,0.81,0.1993505319148936,0.9667
431,2021-05-30,445,0.1,0.023,5.6,39.5,0.81,0.2792400375939849,0.99845
432,2021-05-31,446,0.1,0.023,4.6,32.5,0.82,0.3067913043478261,0.3275666666666666
433,2021-06-01,447,0.1,0.023,4.6,32.4,0.83,0.1973237209302325,0.9798666666666668
434,2021-06-02,448,0.1,0.022,4.3,30.1,0.83,0.199675644028103,0.7614666666666666
435,2021-06-03,449,0.1,0.021,4.5,31.3,0.84,0.3420834821428571,0.2003333333333333
436,2021-06-05,451,0.1,0.02,4.1,28.5,0.86,0.2065111969111969,0.3335666666666667
437,2021-06-06,452,0.1,0.019,4.0,28.0,0.87,0.2496875,0.9944
438,2021-06-07,453,0.1,0.019,4.7,32.9,0.88,0.2255249641319942,0.40183
439,2021-06-11,457,0.1,0.018,3.8,26.8,0.92,0.2936854805725971,0.4660818181818182
440,2021-06-12,458,0.1,0.018,3.7,25.7,0.92,0.181230081300813,0.9647166666666666
441,2021-06-13,459,0.1,0.018,3.7,26.0,0.93,0.1386038314176245,0.9841
442,2021-06-14,460,0.1,0.017,3.4,23.8,0.94,0.1811318584070796,0.1089285714285714
443,2021-06-15,461,0.1,0.017,3.4,23.9,0.95,0.180681935483871,0.4839833333333334
444,2021-06-16,462,0.1,0.017,3.6,25.0,0.96,0.2290454175152749,0.7256199999999999
445,2021-06-17,463,0.1,0.017,3.6,25.1,0.96,0.2848274509803921,0.7367923076923077
446,2021-06-18,464,0.1,0.018,3.5,24.4,0.97,0.0820996108949416,0.7786666666666666
447,2021-06-19,465,0.1,0.018,3.4,24.0,0.98,0.3937196202531646,0.7075
448,2021-06-20,466,0.1,0.018,3.3,23.2,0.98,0.1903330188679245,0.947175
449,2021-06-21,467,0.1,0.018,3.3,23.4,0.99,0.1497157992565055,0.6352166666666667
450,2021-06-22,468,0.1,0.019,3.4,23.8,0.99,0.1581779291553133,0.5359222222222222
451,2021-06-23,469,0.1,0.019,3.4,23.7,1.0,0.0315948096885813,0.69799375
452,2021-06-24,470,0.1,0.019,3.5,24.5,1.01,0.2637703832752613,0.6161818181818182
453,2021-06-25,471,0.1,0.02,3.6,25.1,1.03,0.3092104347826087,0.6575777777777777
454,2021-06-26,472,0.1,0.02,3.6,25.0,1.04,0.2752710049423394,0.2808666666666666
455,2021-06-27,473,0.1,0.021,3.6,25.0,1.06,0.1263955223880597,0.9994
456,2021-06-28,474,0.1,0.021,3.6,25.0,1.08,0.2597705020920502,0.6991125
457,2021-06-29,475,0.1,0.022,3.7,25.9,1.1,0.1108838983050847,0.6503
458,2021-07-03,479,0.1,0.027,3.0,20.8,1.22,0.1758273195876288,0.0372
459,2021-07-04,480,0.1,0.028,2.9,20.1,1.25,0.3061142857142857,0.0772
460,2021-07-05,481,0.1,0.029,2.1,14.4,1.28,0.3537650704225352,0.96755
461,2021-07-06,482,0.1,0.031,2.9,20.3,1.31,0.2125974082073434,0.838025
462,2021-07-07,483,0.1,0.033,4.1,29.0,1.33,0.0958651340996168,0.9650444444444444
463,2021-07-11,487,0.1,0.041,5.1,35.5,1.38,0.3200772413793104,-0.000425
464,2021-07-13,489,0.1,0.045,7.9,55.3,1.38,0.2149513888888888,0.7031571428571429
465,2021-07-14,490,0.1,0.049,8.7,60.9,1.38,0.2109943548387096,0.8263333333333334
466,2021-07-15,491,0.1,0.051,9.2,64.7,1.37,0.2800585253456221,0.6102818181818181
467,2021-07-16,492,0.1,0.054,10.5,73.8,1.36,0.0532859116022099,0.557
468,2021-07-17,493,0.1,0.056,9.4,65.9,1.35,0.1707148876404494,0.8029000000000001
469,2021-07-18,494,0.1,0.059,9.6,67.1,1.34,0.2385948979591836,0.999
470,2021-07-19,495,0.1,0.061,10.8,75.4,1.32,0.2293970760233918,0.0506888888888888
471,2021-07-20,496,0.1,0.065,11.6,81.1,1.31,0.393224024024024,0.263
472,2021-07-21,497,0.1,0.068,12.5,87.8,1.3,0.2462127329192546,0.8156636363636364
473,2021-07-22,498,0.1,0.071,13.8,96.6,1.29,0.1645784897025171,0.12065
474,2021-07-23,499,0.1,0.074,15.1,105.9,1.28,0.1184215596330275,0.604725
475,2021-07-24,500,0.1,0.077,15.5,108.6,1.27,0.1960985138004246,0.3467
476,2021-07-25,501,0.1,0.079,15.7,110.1,1.26,0.3042064814814815,0.9466
477,2021-07-26,502,0.1,0.083,17.2,120.3,1.25,0.2146497142857142,0.7050000000000001
478,2021-07-27,503,0.1,0.087,19.1,133.8,1.24,0.1449692307692307,0.9517833333333332
479,2021-07-28,504,0.1,0.09,20.2,141.3,1.24,-0.0338397959183673,0.42198
480,2021-07-29,505,0.1,0.093,21.6,151.2,1.23,0.06735625,0.5693833333333334
481,2021-07-30,506,0.1,0.096,23.3,163.2,1.22,0.2908671568627451,0.4332181818181818
482,2021-07-31,507,0.1,0.098,23.7,165.7,1.21,0.2284888,0.3501333333333334
483,2021-08-01,508,0.1,0.1,24.1,168.4,1.21,0.2500632075471698,0.9975333333333332
484,2021-08-02,509,0.1,0.101,25.9,181.4,1.2,0.1975550185873606,0.9911333333333332
485,2021-08-03,510,0.1,0.102,27.6,193.0,1.19,0.2541323076923076,0.6883266666666666
486,2021-08-04,511,0.1,0.103,28.7,201.2,1.18,0.2732028571428571,0.40003
487,2021-08-05,512,0.1,0.104,30.0,209.8,1.18,0.1779796296296296,0.5578923076923077
488,2021-08-07,514,0.1,0.103,29.4,206.0,1.16,0.0662140127388535,0.9958
489,2021-08-08,515,0.1,0.104,30.1,210.7,1.15,0.1634888372093023,0.9962
490,2021-08-09,516,0.1,0.104,32.2,225.6,1.14,0.1765808988764045,0.5230750000000001
491,2021-08-10,517,0.1,0.105,33.1,231.5,1.13,0.2937795774647888,0.6954375
492,2021-08-11,518,0.1,0.105,35.2,246.7,1.13,0.273659387755102,0.9814
493,2021-08-12,519,0.1,0.106,35.8,250.9,1.12,0.31394,0.78555
494,2021-08-13,520,0.1,0.105,38.8,271.5,1.11,0.2068374384236453,0.7230125000000001
495,2021-08-14,521,0.1,0.105,39.1,273.9,1.1,0.1808412639405204,0.98625
496,2021-08-15,522,0.1,0.105,39.5,276.2,1.1,0.1791272108843537,0.98575
497,2021-08-16,523,0.1,0.105,42.9,300.5,1.09,0.1195039325842696,0.4616857142857143
498,2021-08-17,524,0.1,0.105,42.2,295.2,1.08,0.1291145418326693,0.4951375
499,2021-08-18,525,0.1,0.104,42.6,298.0,1.07,0.2260254491017964,0.9653142857142856
500,2021-08-19,526,0.1,0.103,43.5,304.4,1.07,0.2790666666666666,0.1780285714285714
501,2021-08-21,528,0.1,0.104,42.8,299.6,1.06,0.2442732142857142,0.9849
502,2021-08-23,530,0.1,0.103,43.0,300.7,1.05,0.215931506849315,0.73005
503,2021-08-24,531,0.1,0.102,43.2,302.7,1.04,0.2071464143426294,0.4348857142857142
504,2021-08-25,532,0.1,0.101,43.6,304.9,1.03,0.3109492424242424,0.9793714285714286
505,2021-08-26,533,0.1,0.101,45.0,314.7,1.03,0.0515589285714285,0.3320833333333333
506,2021-08-27,534,0.1,0.099,47.0,328.8,1.02,-0.0101462337662337,0.2622375
507,2021-08-28,535,0.1,0.098,47.2,330.6,1.02,-0.0429063636363636,0.9795
508,2021-08-29,536,0.1,0.098,47.3,331.1,1.01,-0.0688143790849673,0.988
509,2021-08-30,537,0.1,0.098,47.9,335.3,1.01,0.0195082568807339,0.6520166666666667
510,2021-08-31,538,0.1,0.097,48.3,338.3,1.0,0.1767948051948052,0.58285
511,2021-09-01,539,0.1,0.095,50.1,350.4,1.0,0.1069743494423791,0.3515416666666666
512,2021-09-02,540,0.1,0.094,49.5,346.7,1.0,0.1573916216216216,0.3214833333333333
513,2021-09-03,541,0.1,0.093,49.3,345.4,0.99,0.1688299196787148,0.2544
514,2021-09-04,542,0.1,0.093,48.5,339.6,0.99,0.1445592233009708,0.9926
515,2021-09-05,543,0.1,0.093,48.6,340.3,0.98,0.1187665796344647,0.0023
516,2021-09-06,544,0.1,0.092,39.9,279.0,0.98,0.1481498461538461,-0.4218499999999999
517,2021-09-07,545,0.1,0.093,45.9,321.5,0.97,0.1296411140583554,0.3310222222222221
518,2021-09-08,546,0.1,0.092,44.8,313.3,0.97,0.2254655844155844,0.6924428571428571
519,2021-09-09,547,0.1,0.09,44.6,311.9,0.97,0.1735702830188679,0.3547333333333333
520,2021-09-10,548,0.1,0.089,43.9,307.2,0.96,0.1180685446009389,0.3370111111111111
521,2021-09-11,549,0.1,0.087,44.2,309.6,0.96,0.1044920792079207,0.9964
522,2021-09-12,550,0.1,0.086,44.0,308.1,0.95,0.1732267080745341,-0.0802
523,2021-09-13,551,0.1,0.085,53.0,370.8,0.94,0.1559709183673469,0.968975
524,2021-09-14,552,0.1,0.083,46.6,326.0,0.94,0.2628341818181818,0.7077142857142859
525,2021-09-15,553,0.1,0.081,46.0,321.9,0.93,0.2314249077490774,0.815675
526,2021-09-16,554,0.1,0.08,45.3,317.2,0.93,0.2837131455399061,0.9893
527,2021-09-17,555,0.1,0.079,44.9,314.3,0.92,0.2033035971223021,0.6574
528,2021-09-18,556,0.1,0.078,44.7,312.6,0.92,0.3009923287671233,0.9786
529,2021-09-19,557,0.1,0.077,44.7,312.7,0.91,0.3210187919463087,0.96085
530,2021-09-20,558,0.1,0.076,41.4,289.5,0.91,0.1924635593220338,0.737509090909091
531,2021-09-21,559,0.1,0.074,40.4,282.7,0.91,0.1324353383458646,0.7785599999999999
532,2021-09-22,560,0.1,0.072,39.4,275.8,0.91,0.257521327014218,0.2080777777777777
533,2021-09-23,561,0.1,0.071,38.2,267.6,0.91,0.3542174698795181,0.3885857142857142
534,2021-09-24,562,0.1,0.069,37.1,259.6,0.9,0.2542931506849314,0.9805
535,2021-09-25,563,0.1,0.063,36.4,254.6,0.9,0.255203825136612,0.9933
536,2021-09-26,564,0.1,0.062,36.1,252.9,0.9,0.1636083333333333,0.9991
537,2021-09-27,565,0.1,0.062,35.5,248.8,0.9,0.099333448275862,0.472975
538,2021-09-28,566,0.1,0.061,34.8,243.9,0.91,0.2076785515320334,0.66165
539,2021-09-29,567,0.1,0.061,34.0,238.2,0.91,0.1461391459074733,0.3403333333333333
540,2021-09-30,568,0.1,0.061,33.5,234.6,0.91,0.2692998233215548,-0.1472
541,2021-10-01,569,0.1,0.06,32.9,230.3,0.91,0.3559056451612903,0.91898
542,2021-10-02,570,0.1,0.063,32.6,228.0,0.91,0.3285241610738255,-0.3317333333333333
543,2021-10-03,571,0.1,0.063,32.2,225.5,0.91,0.2277746835443038,0.98105
544,2021-10-04,572,0.1,0.062,31.3,218.9,0.91,0.2879062337662337,0.98798
545,2021-10-05,573,0.1,0.061,30.6,214.4,0.91,0.0472356401384083,0.49495
546,2021-10-06,574,0.1,0.06,30.1,210.7,0.91,0.1505668478260869,0.5817166666666667
547,2021-10-07,575,0.1,0.059,29.6,207.5,0.91,0.1729181102362204,0.59096
548,2021-10-08,576,0.1,0.058,29.1,203.6,0.91,0.3435482142857142,0.8044142857142857
549,2021-10-09,577,0.1,0.058,28.8,201.6,0.91,0.173436075949367,0.986175
550,2021-10-10,578,0.1,0.058,28.7,200.7,0.91,0.2092907407407407,0.9887
551,2021-10-11,579,0.1,0.057,26.6,186.0,0.91,0.092690671641791,-0.0142499999999999
552,2021-10-12,580,0.1,0.057,27.1,189.8,0.92,0.1683562189054726,0.4384749999999999
553,2021-10-13,581,0.1,0.056,26.7,186.9,0.92,0.1928975186104218,0.518175
554,2021-10-14,582,0.1,0.055,26.0,182.0,0.92,0.1383774193548387,0.506375
555,2021-10-15,583,0.1,0.054,25.4,177.7,0.92,0.3107627906976744,0.20112
556,2021-10-16,584,0.1,0.053,25.2,176.5,0.93,0.2345504792332268,0.8865999999999999
557,2021-10-17,585,0.1,0.053,25.2,176.3,0.93,0.1310854984894259,0.0661499999999999
558,2021-10-18,586,0.1,0.052,25.1,175.7,0.93,0.2374271276595744,0.993025
559,2021-10-19,587,0.1,0.05,23.9,167.3,0.94,0.2478423948220064,0.9986
560,2021-10-20,588,0.1,0.05,23.1,161.4,0.95,0.1800093150684931,0.9901
561,2021-10-21,589,0.1,0.05,22.7,159.2,0.95,0.051944243792325,0.98534
562,2021-10-22,590,0.1,0.05,22.3,155.8,0.96,0.2078223684210526,0.5534333333333333
563,2021-10-23,591,0.1,0.05,22.1,154.7,0.96,0.2727927631578947,-0.3341333333333333
564,2021-10-24,592,0.1,0.05,21.9,153.2,0.97,0.3336097959183673,0.9979
565,2021-10-25,593,0.1,0.049,21.2,148.2,0.98,0.2612858585858585,0.4231166666666666
566,2021-10-26,594,0.1,0.05,21.3,149.3,0.98,0.1915487562189054,0.5536333333333334
567,2021-10-27,595,0.1,0.049,21.4,149.5,0.99,0.0921126888217522,0.24175
568,2021-10-28,596,0.1,0.049,21.4,150.1,1.0,0.2539056179775281,0.3638222222222222
569,2021-10-29,597,0.1,0.049,21.4,149.8,1.01,0.2464403846153846,0.6314833333333333
570,2021-10-30,598,0.1,0.049,21.4,149.7,1.01,0.250375816993464,0.3238666666666666
571,2021-10-31,599,0.1,0.049,21.5,150.2,1.02,0.1458105454545454,0.9984
572,2021-11-01,600,0.1,0.05,22.2,155.3,1.02,0.2343687651331719,0.4240714285714286
573,2021-11-02,601,0.1,0.05,21.7,152.1,1.03,0.2393830188679245,0.4523333333333333
574,2021-11-03,602,0.1,0.05,21.6,151.4,1.04,0.4485758483033932,0.8073727272727272
575,2021-11-04,603,0.1,0.051,21.6,151.1,1.04,0.3470465263157894,0.0016749999999999
576,2021-11-05,604,0.1,0.052,21.8,152.8,1.05,0.3587722222222222,0.8610888888888889
577,2021-11-06,605,0.1,0.053,21.9,153.5,1.05,0.31797503900156,0.500775
578,2021-11-07,606,0.1,0.053,22.1,154.5,1.05,0.2509865671641791,0.99925
579,2021-11-08,607,0.1,0.053,22.2,155.7,1.05,0.1997587662337662,0.6925333333333333
580,2021-11-09,608,0.1,0.053,22.6,157.9,1.05,0.2996076246334311,0.5223333333333333
581,2021-11-10,609,0.1,0.055,23.1,162.0,1.06,0.1791340425531914,0.2981777777777778
582,2021-11-11,610,0.1,0.056,22.3,156.4,1.06,0.1898097435897436,0.6742181818181818
583,2021-11-12,611,0.1,0.057,24.0,167.7,1.06,0.1837792307692307,0.7690444444444444
584,2021-11-13,612,0.1,0.058,24.3,170.2,1.05,0.0858360902255639,0.9957
585,2021-11-14,613,0.1,0.058,24.4,170.7,1.05,0.2661809523809523,0.3136666666666666
586,2021-11-15,614,0.1,0.059,25.3,177.4,1.05,-0.1991209039548022,0.9726857142857144
587,2021-11-16,615,0.1,0.06,25.6,179.4,1.05,0.2162992277992278,0.6003000000000001
588,2021-11-17,616,0.1,0.06,26.3,184.3,1.05,0.0310350597609561,0.9002285714285714
589,2021-11-18,617,0.1,0.06,27.9,195.2,1.05,0.2346258403361344,0.6390727272727272
590,2021-11-19,618,0.1,0.061,27.5,192.3,1.06,0.0665224390243902,0.5131375
591,2021-11-20,619,0.1,0.061,27.5,192.4,1.06,0.0682735202492211,-0.0008
592,2021-11-21,620,0.1,0.062,27.8,194.6,1.06,0.1468311764705882,0.9861
593,2021-11-22,621,0.1,0.063,28.2,197.7,1.07,0.1676369072164948,0.57115
594,2021-11-23,622,0.1,0.064,28.3,198.4,1.07,0.111808679245283,-0.6537
595,2021-11-24,623,0.1,0.066,28.6,200.1,1.08,0.0944601659751037,0.34354
596,2021-11-25,624,0.1,0.069,25.6,179.0,1.08,0.2408126556016597,-0.000475
597,2021-11-26,625,0.1,0.072,22.6,158.5,1.09,0.1894160130718954,0.9099
598,2021-11-27,626,0.1,0.075,22.0,153.7,1.09,0.2968076433121019,0.9762333333333334
599,2021-11-29,628,0.1,0.076,26.9,188.6,1.09,0.2212432748538011,0.573725
600,2021-11-30,629,0.1,0.077,27.8,194.4,1.09,0.2259,0.9926
601,2021-12-01,630,0.1,0.078,28.8,201.3,1.09,0.1410107981220657,0.7692363636363637
602,2021-12-02,631,0.1,0.076,34.2,239.2,1.09,0.1437211038961039,0.7370777777777778
603,2021-12-03,632,0.1,0.074,39.3,275.0,1.08,0.0417559228650137,0.057325
604,2021-12-04,633,0.1,0.073,41.0,286.8,1.08,0.1369840304182509,0.96505
605,2021-12-05,634,0.1,0.074,36.6,256.4,1.08,0.2887374074074074,0.00045
606,2021-12-06,635,0.1,0.074,35.8,250.8,1.08,0.1821964028776978,0.4011166666666666
607,2021-12-07,636,0.1,0.072,36.0,252.3,1.08,0.0979629921259842,0.3155888888888889
608,2021-12-08,637,0.1,0.071,36.5,255.3,1.09,0.1020396226415094,0.7673888888888889
609,2021-12-09,638,0.1,0.071,35.8,250.9,1.1,0.1594216216216216,0.9895285714285714
610,2021-12-11,640,0.1,0.072,33.8,236.5,1.13,0.0692368421052631,0.3210666666666666
611,2021-12-12,641,0.1,0.071,33.9,237.1,1.14,0.1433845161290322,0.0023499999999999
612,2021-12-13,642,0.1,0.073,34.1,239.0,1.16,0.2476392857142857,0.428
613,2021-12-14,643,0.1,0.075,34.3,240.2,1.18,0.1323186206896551,0.4527181818181818
614,2021-12-15,644,0.1,0.079,34.1,238.8,1.2,0.1912027542372881,0.6584
615,2021-12-16,645,0.1,0.084,35.3,246.9,1.23,0.2457457534246575,0.6583833333333333
616,2021-12-17,646,0.1,0.085,37.6,263.4,1.25,0.2804138353765324,0.6279272727272727
617,2021-12-18,647,0.1,0.09,38.6,270.4,1.27,0.2105670967741935,0.9170333333333334
618,2021-12-19,648,0.1,0.093,40.2,281.2,1.29,0.2460403785488959,0.9622666666666668
619,2021-12-20,649,0.1,0.1,43.2,302.6,1.31,0.1904069444444444,0.7164833333333332
620,2021-12-21,650,0.1,0.111,46.1,322.6,1.33,0.1535032338308457,0.99732
621,2021-12-22,651,0.1,0.124,50.1,350.9,1.34,0.2981747311827957,0.466425
622,2021-12-23,652,0.1,0.136,55.2,386.7,1.35,0.2539778787878788,0.6664428571428571
623,2021-12-24,653,0.1,0.149,56.1,392.9,1.36,0.2855997416020672,0.4182857142857142
624,2021-12-25,654,0.1,0.158,55.8,390.4,1.37,0.3229857142857142,0.5007
626,2021-12-27,656,0.1,0.182,71.7,501.8,1.37,0.3668661870503597,0.6366833333333334
627,2021-12-28,657,0.1,0.204,80.2,561.2,1.37,0.0994003355704698,0.9966666666666668
628,2021-12-29,658,0.1,0.227,90.9,636.4,1.36,0.29358410041841,0.9986
629,2021-12-30,659,0.1,0.248,104.7,732.7,1.36,0.2449066852367687,0.54675
630,2021-12-31,660,0.1,0.263,115.6,809.4,1.34,0.2744572916666666,0.7527666666666667
631,2022-01-01,661,0.1,0.27,119.7,837.9,1.33,0.525241456166419,0.9983666666666666
632,2022-01-02,662,0.1,0.276,124.6,872.2,1.31,0.2686422907488986,0.98275
633,2022-01-04,664,0.1,0.289,143.5,1004.2,1.27,0.2462915384615384,0.3628909090909091
634,2022-01-05,665,0.1,0.292,154.2,1079.7,1.24,0.0672423387096774,0.7856
635,2022-01-06,666,0.1,0.294,163.0,1140.9,1.22,0.1714736507936508,0.505
636,2022-01-07,667,0.1,0.294,185.6,1299.0,1.19,0.2359230046948356,0.6012600000000001
637,2022-01-08,668,0.1,0.293,199.9,1399.4,1.16,0.271692,0.4580833333333333
638,2022-01-09,669,0.1,0.292,201.3,1409.2,1.13,0.2700248407643312,0.9982666666666667
639,2022-01-10,670,0.1,0.292,234.3,1640.3,1.1,0.179472072072072,0.91768
640,2022-01-11,671,0.1,0.29,229.3,1605.3,1.08,0.2345926247288503,0.7341000000000001
641,2022-01-12,672,0.1,0.286,237.0,1658.9,1.05,0.1848726153846153,0.9724166666666668
642,2022-01-13,673,0.1,0.282,241.6,1691.4,1.02,0.2977683098591549,0.7455625
643,2022-01-14,674,0.1,0.278,241.4,1690.1,1.0,0.3039357142857142,0.9938
644,2022-01-15,675,0.1,0.275,240.4,1683.1,0.97,0.0611183673469387,-0.00095
645,2022-01-16,676,0.1,0.275,241.4,1690.1,0.95,0.218544375,0.9798
646,2022-01-17,677,0.1,0.274,206.7,1447.2,0.92,0.1923416666666666,0.2139199999999999
647,2022-01-18,678,0.1,0.271,224.3,1570.4,0.9,0.1020548209366391,0.994075
648,2022-01-19,679,0.1,0.267,223.0,1561.2,0.88,0.3231114705882353,0.26272
649,2022-01-20,680,0.1,0.263,217.9,1525.3,0.86,0.2485438095238095,0.456990909090909
650,2022-01-21,681,0.1,0.26,215.1,1505.4,0.84,0.2369222523744912,0.35689
651,2022-01-22,682,0.1,0.257,211.4,1479.5,0.82,0.0517019607843137,0.99325
652,2022-01-23,683,0.1,0.255,205.4,1438.0,0.8,0.1105504587155963,-0.9389666666666666
653,2022-01-24,684,0.1,0.249,220.6,1544.5,0.78,0.1637223140495867,0.5955199999999999
654,2022-01-25,685,0.1,0.242,191.9,1343.3,0.76,0.1528507772020725,0.370425
655,2022-01-26,686,0.1,0.234,182.0,1274.3,0.74,0.2953666666666666,0.41578
656,2022-01-27,687,0.1,0.224,172.6,1208.5,0.73,0.3025964102564102,0.4879235294117647
657,2022-01-28,688,0.1,0.215,161.0,1127.0,0.71,0.168556862745098,0.7390666666666666
658,2022-01-29,689,0.1,0.208,157.1,1099.6,0.7,0.2526394736842105,0.773975
659,2022-01-30,690,0.1,0.203,152.9,1070.6,0.68,0.1549455696202531,0.6182166666666666
660,2022-01-31,691,0.1,0.195,139.1,974.0,0.67,0.187863409090909,0.5974
661,2022-02-01,692,0.1,0.183,129.9,909.3,0.66,0.2001824489795918,0.8191200000000001
662,2022-02-02,693,0.1,0.171,117.0,819.3,0.65,0.1483313725490196,0.78636
663,2022-02-03,694,0.1,0.162,107.7,753.7,0.64,0.1124671974522293,0.8257
664,2022-02-04,695,0.1,0.152,97.2,680.7,0.63,0.1515072351421188,0.6096166666666667
665,2022-02-05,696,0.1,0.145,91.9,643.6,0.63,0.2043534059945504,0.18348
666,2022-02-06,697,0.1,0.14,89.9,629.4,0.62,0.095534765625,0.451975
667,2022-02-07,698,0.1,0.132,76.4,534.7,0.62,0.1059148837209302,0.9341666666666668
668,2022-02-08,699,0.1,0.123,72.2,505.1,0.62,0.276053,0.7711
669,2022-02-09,700,0.1,0.114,68.0,475.7,0.62,0.1720558886509635,0.98918
670,2022-02-10,701,0.1,0.106,62.0,433.9,0.62,0.3249122881355932,0.5345777777777778
671,2022-02-11,702,0.1,0.099,55.7,390.1,0.62,0.2700310104529617,0.4975166666666666
672,2022-02-12,703,0.1,0.094,53.2,372.1,0.63,0.3474796296296296,0.6691333333333334
673,2022-02-13,704,0.1,0.09,52.2,365.3,0.63,0.355667572815534,0.6710200000000001
674,2022-02-14,705,0.1,0.084,46.1,322.6,0.64,0.2870616554054054,0.6949428571428572
675,2022-02-15,706,0.1,0.078,42.1,294.4,0.64,0.2381832929782082,-0.3059333333333333
676,2022-02-17,708,0.1,0.07,34.0,238.3,0.66,0.2161888475836431,0.6839857142857143
677,2022-02-18,709,0.1,0.065,31.4,219.7,0.66,0.2381169491525423,0.5979
678,2022-02-19,710,0.1,0.061,30.4,212.8,0.67,0.3384208053691275,0.3285333333333333
679,2022-02-20,711,0.1,0.058,29.9,209.0,0.68,0.1345593314763231,0.22515
680,2022-02-21,712,0.1,0.056,23.3,163.4,0.68,0.1796669515669515,0.0069
681,2022-02-22,713,0.1,0.053,24.1,168.9,0.69,0.0886189054726368,0.5303777777777778
682,2022-02-23,714,0.1,0.051,22.8,159.7,0.7,0.0531381188118811,0.013225
684,2022-02-27,718,0.1,0.043,20.6,144.5,0.72,0.1439334004024144,-9.9999999999989e-05
685,2022-02-28,719,0.1,0.04,22.5,157.4,0.73,0.035518313253012,0.1513428571428571
686,2022-03-01,720,0.1,0.068,17.4,121.8,0.73,0.0178546925566343,0.5926642857142858
687,2022-03-02,721,0.1,0.067,15.9,111.3,0.74,0.1039878228782287,0.5266
688,2022-03-03,722,0.1,0.067,14.6,102.2,0.75,0.0682758364312267,0.5130666666666667
689,2022-03-04,723,0.1,0.066,14.7,102.6,0.76,0.055068,0.3310555555555555
690,2022-03-05,724,0.1,0.066,13.3,92.9,0.77,0.0850796714579055,0.1912799999999999
691,2022-03-06,725,0.1,0.066,13.2,92.2,0.79,0.0001172955974842,0.50305
692,2022-03-07,726,0.1,0.065,12.1,84.6,0.8,-0.0481256916996047,0.45585
693,2022-03-08,727,0.1,0.027,11.8,82.8,0.81,0.0488870151770657,0.9891333333333332
694,2022-03-09,728,0.1,0.025,11.3,79.2,0.82,0.0499045871559633,0.4474538461538462
695,2022-03-10,729,0.1,0.025,10.7,75.1,0.84,0.0388533923303834,0.3585
696,2022-03-11,730,0.1,0.024,10.5,73.5,0.85,0.1431863636363636,0.4728625
697,2022-03-12,731,0.1,0.023,10.3,71.8,0.86,0.0548710526315789,0.8777666666666667
698,2022-03-13,732,0.1,0.022,10.2,71.7,0.87,0.0275315789473684,0.991025
699,2022-03-14,733,0.1,0.022,9.4,65.9,0.89,0.0544485294117647,-0.09914
700,2022-03-15,734,0.1,0.022,9.1,63.8,0.9,0.0254292899408284,0.4876857142857143
701,2022-03-16,735,0.1,0.021,8.8,61.7,0.91,0.1455050314465409,0.5282
702,2022-03-17,736,0.1,0.021,8.7,61.2,0.92,-0.0164047477744807,0.0395333333333333
703,2022-03-18,737,0.1,0.021,8.4,58.8,0.93,0.1948059523809523,0.3988
704,2022-03-19,738,0.1,0.021,8.5,59.2,0.94,0.1665140280561122,0.3332166666666666
705,2022-03-20,739,0.1,0.021,8.5,59.6,0.94,0.168432722513089,0.0126999999999999
707,2022-03-22,741,0.1,0.022,8.5,59.2,0.95,0.1601168202764977,-0.008425
708,2022-03-23,742,0.1,0.023,8.8,61.4,0.96,0.1161618618618618,0.3333
709,2022-03-24,743,0.1,0.023,8.8,61.9,0.97,0.1375726923076923,-0.0153888888888888
710,2022-03-25,744,0.1,0.023,8.7,61.2,0.98,0.1744138888888889,-0.0356727272727272
711,2022-03-26,745,0.1,0.023,8.7,61.1,0.98,0.1718079510703364,0.9990333333333332
712,2022-03-27,746,0.1,0.024,8.7,60.8,0.99,0.2366977973568282,-0.09075
713,2022-03-28,747,0.1,0.024,8.6,60.2,1.0,0.2227792022792022,0.245825
714,2022-03-29,748,0.1,0.025,8.6,60.2,1.01,0.1828613207547169,0.4909
715,2022-03-31,750,0.1,0.026,7.6,52.9,1.03,0.2508830434782608,0.68516
716,2022-04-01,751,0.1,0.027,7.5,52.5,1.04,0.2760367424242424,0.2718727272727272
717,2022-04-02,752,0.1,0.027,7.5,52.2,1.05,0.1259517587939698,-0.0013499999999999
718,2022-04-03,753,0.1,0.028,7.4,51.6,1.06,0.2591741293532338,-0.0170249999999999
719,2022-04-04,754,0.1,0.029,7.4,51.7,1.07,0.0563286384976525,0.7978666666666667
720,2022-04-05,755,0.1,0.03,7.6,53.5,1.08,0.3694462732919254,0.5019750000000001
721,2022-04-06,756,0.1,0.031,8.4,58.6,1.1,0.251066875,0.8825200000000001
722,2022-04-07,757,0.1,0.033,8.4,58.8,1.11,0.1839850267379679,0.5349666666666667
723,2022-04-08,758,0.1,0.034,8.9,62.2,1.12,0.1511910769230769,0.734275
724,2022-04-09,759,0.1,0.035,9.0,62.8,1.13,0.2100475903614457,0.9571666666666668
725,2022-04-10,760,0.1,0.036,9.1,63.8,1.13,0.1648364963503649,0.9966333333333334
726,2022-04-11,761,0.1,0.038,9.5,66.6,1.14,0.0762196162046908,0.99885
727,2022-04-12,762,0.1,0.04,9.4,66.1,1.14,0.0914059171597633,0.3061625
728,2022-04-13,763,0.1,0.043,9.9,69.6,1.15,0.0711321033210332,0.4523636363636363
729,2022-04-14,764,0.1,0.046,10.9,76.2,1.15,0.0957463898916967,0.21696
730,2022-04-15,765,0.1,0.048,11.0,77.3,1.16,0.3281707988980716,0.3279444444444445
731,2022-04-16,766,0.1,0.051,10.9,76.5,1.16,0.3313704280155642,0.99475
732,2022-04-17,767,0.1,0.052,11.1,77.4,1.16,0.2332507592190889,0.98975
733,2022-04-18,768,0.1,0.053,11.5,80.5,1.16,0.1917592920353982,0.533988888888889
734,2022-04-19,769,0.1,0.054,12.4,86.9,1.16,0.1837811345646438,0.4986
735,2022-04-20,770,0.1,0.054,12.8,89.6,1.16,0.2070441176470588,0.9438888888888888
736,2022-04-21,771,0.1,0.055,12.9,90.2,1.16,0.2341870813397129,0.452990909090909
737,2022-04-22,772,0.1,0.055,13.8,96.3,1.16,0.1693975460122699,0.44825
738,2022-04-23,773,0.1,0.055,14.1,98.7,1.16,0.2583910714285714,0.99
739,2022-04-24,774,0.1,0.056,14.2,99.1,1.16,0.2833908163265306,0.9943666666666666
740,2022-04-25,775,0.1,0.058,14.9,104.3,1.16,0.205745625,0.9903888888888888
741,2022-04-26,776,0.1,0.06,15.1,105.7,1.16,0.3340988929889299,0.32725
742,2022-04-27,777,0.1,0.062,16.0,112.2,1.16,0.3018989361702127,0.9731714285714286
743,2022-04-28,778,0.1,0.065,16.6,116.5,1.16,0.1934318471337579,0.1464
744,2022-04-29,779,0.1,0.066,17.2,120.7,1.16,0.2919615566037736,0.4518375
745,2022-04-30,780,0.1,0.068,17.4,121.7,1.16,0.190431067961165,0.992
746,2022-05-01,781,0.1,0.069,17.5,122.6,1.16,0.158195238095238,0.98735
747,2022-05-02,782,0.1,0.071,18.4,128.9,1.16,0.2010845794392523,0.59522
748,2022-05-03,783,0.1,0.074,19.0,133.3,1.16,0.2278844827586206,0.4279285714285714
749,2022-05-04,784,0.1,0.077,19.9,139.2,1.16,0.4594899999999999,-0.0719833333333333
750,2022-05-05,785,0.1,0.079,20.4,143.0,1.16,0.1733285714285714,0.7055714285714286
751,2022-05-06,786,0.1,0.081,21.0,147.0,1.16,0.1552381355932203,0.4935875
752,2022-05-07,787,0.1,0.083,21.3,149.4,1.15,0.2365170842824601,0.3364
753,2022-05-08,788,0.1,0.085,21.2,148.3,1.15,0.2521386301369863,0.9978666666666666
754,2022-05-09,789,0.1,0.087,21.9,153.4,1.14,0.1482955489614243,0.99702
755,2022-05-10,790,0.1,0.089,23.0,160.7,1.14,0.1997265536723163,0.9849285714285714
756,2022-05-11,791,0.1,0.092,25.4,178.1,1.13,0.1812557553956834,-0.0727266666666666
757,2022-05-12,792,0.1,0.095,26.4,184.8,1.13,0.2617857142857143,0.5390888888888888
758,2022-05-13,793,0.1,0.097,27.2,190.5,1.12,0.2300853932584269,0.4892166666666666
759,2022-05-14,794,0.1,0.099,27.0,189.0,1.11,0.0142890909090909,0.96375
760,2022-05-15,795,0.1,0.1,27.3,191.3,1.1,0.1213551851851851,0.3309
761,2022-05-16,796,0.1,0.102,28.9,202.5,1.09,0.0723178461538461,0.6301666666666667
762,2022-05-17,797,0.1,0.105,30.7,214.6,1.07,0.1986031746031746,0.6182
763,2022-05-18,798,0.1,0.106,31.0,216.9,1.06,0.3225245283018867,0.5162714285714286
764,2022-05-19,799,0.1,0.108,31.5,220.8,1.06,0.2599578125,0.36475
765,2022-05-20,800,0.1,0.109,32.6,228.5,1.05,0.1911966037735849,0.5847444444444444
766,2022-05-21,801,0.1,0.109,33.2,232.2,1.04,0.2499134433962264,0.995
767,2022-05-22,802,0.1,0.11,33.3,233.0,1.03,0.2840009174311926,0.993
768,2022-05-23,803,0.1,0.11,32.6,227.9,1.02,0.3247059090909091,0.5469875
769,2022-05-24,804,0.1,0.11,32.5,227.3,1.02,0.1633375191424196,0.1966714285714285
770,2022-05-25,805,0.1,0.11,33.3,232.8,1.01,0.0811458904109588,-0.2781
771,2022-05-26,806,0.1,0.111,33.0,231.2,1.01,-0.0181753012048192,-0.6414
772,2022-05-27,807,0.1,0.112,33.0,230.9,1.01,0.069354716981132,-0.2056375
773,2022-05-28,808,0.1,0.113,32.0,223.8,1.01,0.1022584905660377,0.98924
774,2022-05-29,809,0.1,0.113,31.4,219.9,1.01,0.0081309859154929,-0.503325
775,2022-05-30,810,0.1,0.113,27.1,189.6,1.01,0.1561569892473118,-0.00545
776,2022-05-31,811,0.1,0.118,29.2,204.7,1.01,0.1512638961038961,0.5345799999999999
777,2022-06-01,812,0.1,0.119,30.6,214.2,1.01,0.1245462140992167,0.1135888888888888
778,2022-06-02,813,0.1,0.121,30.4,212.9,1.0,0.3253,0.000575
779,2022-06-03,814,0.1,0.121,30.6,213.9,1.0,0.1693809999999999,0.7452875
780,2022-06-04,815,0.1,0.121,31.8,222.9,1.0,0.0239135922330097,0.3297666666666666
781,2022-06-05,816,0.1,0.122,32.2,225.1,1.0,0.0780445736434108,0.96985
782,2022-06-06,817,0.1,0.121,36.7,256.7,0.99,0.1028673913043478,0.5037076923076923
783,2022-06-07,818,0.1,0.119,35.0,244.8,0.99,0.1535929368029739,0.7054714285714285
784,2022-06-08,819,0.1,0.119,33.2,232.7,0.99,0.1262698717948717,0.4547363636363636
785,2022-06-09,820,0.1,0.119,33.1,231.8,0.99,0.0892196428571428,0.587725
786,2022-06-10,821,0.1,0.121,32.8,229.9,0.99,0.1076105072463768,0.2698571428571429
787,2022-06-11,822,0.1,0.123,32.5,227.4,0.99,0.1886598233995585,0.3349999999999999
788,2022-06-12,823,0.1,0.123,32.6,228.0,0.99,0.1898883116883116,0.9814
789,2022-06-13,824,0.1,0.124,32.1,224.5,0.99,0.2435695852534562,-0.19554
790,2022-06-14,825,0.1,0.127,31.8,222.3,0.99,0.2561053333333333,0.99498
791,2022-06-15,826,0.1,0.132,31.5,220.2,0.99,0.2694576687116564,0.6209058823529412
792,2022-06-16,827,0.1,0.135,31.3,218.9,1.0,0.1645243169398907,0.5043777777777778
793,2022-06-17,828,0.1,0.136,30.4,213.0,1.0,0.14848125,0.6153636363636363
794,2022-06-18,829,0.1,0.137,29.5,206.8,1.01,0.111680223880597,0.9448
795,2022-06-19,830,0.1,0.137,29.4,205.7,1.01,0.17419125,0.9957
796,2022-06-20,831,0.1,0.138,26.3,184.2,1.01,0.2165975,0.99655
797,2022-06-21,832,0.1,0.143,29.5,206.6,1.01,0.2179441926345609,0.46997
798,2022-06-22,833,0.1,0.145,29.5,206.2,1.02,0.2302833802816901,0.4987749999999999
799,2022-06-23,834,0.1,0.147,29.6,207.5,1.02,0.1002683962264151,0.1198285714285714
800,2022-06-24,835,0.1,0.15,31.3,219.3,1.03,0.0295021276595744,0.49516
801,2022-06-25,836,0.1,0.152,32.7,229.2,1.03,0.2117957783641161,0.07482
802,2022-06-26,837,0.1,0.154,32.9,230.3,1.03,0.2447062271062271,0.6875600000000001
803,2022-06-27,838,0.1,0.155,36.3,253.8,1.03,0.350722,0.1086444444444444
804,2022-06-28,839,0.1,0.156,32.5,227.4,1.03,0.2527413043478261,0.5142100000000001
805,2022-06-29,840,0.1,0.159,33.6,235.0,1.03,0.2575446601941747,0.8065454545454546
806,2022-06-30,841,0.1,0.164,34.2,239.7,1.04,0.08860625,0.486825
807,2022-07-01,842,0.1,0.166,34.0,237.8,1.04,0.3187086538461538,0.6611
808,2022-07-02,843,0.1,0.167,32.4,227.1,1.04,0.3059450920245399,0.6977666666666668
809,2022-07-03,844,0.1,0.169,32.0,223.7,1.04,0.1127310126582278,0.41924
810,2022-07-06,847,0.1,0.177,32.1,224.7,1.05,0.12738,0.7133857142857144
811,2022-07-07,848,0.1,0.178,31.9,223.4,1.05,0.1106388714733542,0.4826
812,2022-07-08,849,0.1,0.181,33.1,231.4,1.05,0.0281927272727272,0.7173999999999999
813,2022-07-09,850,0.1,0.182,33.7,236.1,1.05,0.1511932367149758,-0.3338333333333333
814,2022-07-10,851,0.1,0.183,34.7,242.7,1.05,0.1082284090909091,0.0033
815,2022-07-11,852,0.1,0.184,37.1,260.0,1.04,0.2168490683229813,0.979
816,2022-07-12,853,0.1,0.183,39.8,278.4,1.04,0.1401496875,0.4364
817,2022-07-13,854,0.1,0.183,37.7,263.6,1.03,0.140827027027027,0.8329615384615384
818,2022-07-14,855,0.1,0.184,38.7,270.7,1.03,0.1740605140186916,0.2429625
819,2022-07-15,856,0.1,0.183,38.7,271.2,1.03,0.2322429487179487,0.7417
820,2022-07-16,857,0.1,0.184,38.6,270.4,1.02,0.2498854126679462,0.9891666666666667
821,2022-07-17,858,0.1,0.184,38.6,270.3,1.01,0.1823326732673267,0.3304666666666667
822,2022-07-18,859,0.1,0.184,38.8,271.9,1.01,0.1657045454545454,0.99638
823,2022-07-19,860,0.1,0.184,37.8,264.8,1.0,0.1805167202572347,-0.1925333333333333
825,2022-07-21,862,0.1,0.186,38.6,270.1,0.99,0.1409822222222222,0.4368142857142857
826,2022-07-22,863,0.1,0.186,38.4,268.9,0.99,0.2279511873350923,0.1507124999999999
827,2022-07-23,864,0.1,0.186,38.5,269.8,0.98,0.1861792307692307,0.3290333333333333
828,2022-07-24,865,0.1,0.186,38.5,269.7,0.98,0.2328631067961165,0.511
829,2022-07-25,866,0.1,0.186,38.4,269.0,0.97,0.1843188311688312,0.3227166666666667
830,2022-07-26,867,0.1,0.185,38.6,270.0,0.97,0.2275491879350348,0.5875999999999999
831,2022-07-27,868,0.1,0.185,38.3,268.4,0.97,0.2957517073170732,0.8414
832,2022-07-28,869,0.1,0.185,38.4,268.6,0.97,0.2169152416356877,0.7998299999999999
833,2022-07-29,870,0.1,0.183,37.2,260.6,0.96,0.263671746031746,0.73483
834,2022-07-30,871,0.1,0.182,36.7,256.9,0.96,0.2169978835978836,0.9488
835,2022-07-31,872,0.1,0.182,36.2,253.7,0.96,0.2242053130929791,0.989
836,2022-08-01,873,0.1,0.181,36.6,256.5,0.95,0.1005058035714285,0.64545
837,2022-08-02,874,0.1,0.179,34.2,239.6,0.95,0.2155254716981132,0.6864875
838,2022-08-03,875,0.1,0.176,35.0,245.0,0.95,0.206438919925512,0.4138928571428572
839,2022-08-04,876,0.1,0.175,35.7,249.7,0.95,0.1668095555555555,0.0850222222222222
840,2022-08-05,877,0.1,0.173,35.4,247.5,0.94,0.2374829099307159,0.2616333333333333
841,2022-08-06,878,0.1,0.171,35.3,247.1,0.94,0.2269074509803921,0.9519
842,2022-08-07,879,0.1,0.169,35.3,246.9,0.94,0.2525355203619909,0.6649
843,2022-08-08,880,0.1,0.168,33.9,237.4,0.93,0.2858725609756097,0.9676888888888888
844,2022-08-09,881,0.1,0.166,34.8,243.6,0.93,0.2746062663185378,0.772925
845,2022-08-10,882,0.1,0.164,33.0,230.9,0.93,0.3016032183908045,0.719125
846,2022-08-11,883,0.1,0.162,31.8,222.7,0.93,0.3081671087533156,0.6961428571428572
847,2022-08-12,884,0.1,0.16,31.4,219.7,0.93,0.2803372340425532,0.6181875
848,2022-08-13,885,0.1,0.159,31.2,218.5,0.93,0.2090375478927203,0.9370666666666666
849,2022-08-14,886,0.1,0.158,31.2,218.7,0.93,0.2513936842105263,0.2103249999999999
850,2022-08-15,887,0.1,0.156,30.5,213.8,0.93,0.2331848780487805,0.1498249999999999
851,2022-08-16,888,0.1,0.153,30.2,211.4,0.93,0.2699300448430493,0.3922692307692307
852,2022-08-17,889,0.1,0.151,29.6,206.9,0.93,0.2417123359580052,0.94946
853,2022-08-18,890,0.1,0.15,29.1,203.5,0.93,0.2527828054298642,0.967
854,2022-08-19,891,0.1,0.149,28.5,199.5,0.94,0.1713397759103641,0.4888749999999999
855,2022-08-20,892,0.1,0.148,28.6,199.9,0.94,0.2118166361974405,-0.0034499999999999
856,2022-08-21,893,0.1,0.148,28.5,199.2,0.94,0.1702745098039216,-0.0113499999999999
857,2022-08-22,894,0.1,0.148,28.1,196.6,0.93,0.3695757446808511,0.505175
858,2022-08-23,895,0.1,0.146,27.4,191.9,0.93,0.2859582608695652,0.99798
859,2022-08-24,896,0.1,0.144,27.1,190.0,0.93,0.3139981132075471,0.3251833333333333
860,2022-08-25,897,0.1,0.142,26.3,184.1,0.93,0.3175325581395349,0.71951
861,2022-08-26,898,0.1,0.141,26.0,182.3,0.93,0.2515318471337579,0.99474
862,2022-08-27,899,0.1,0.139,26.1,182.5,0.93,0.1851316831683168,0.5423600000000001
863,2022-08-28,900,0.1,0.138,26.1,182.6,0.92,0.2765955223880597,0.99295
864,2022-08-29,901,0.1,0.136,25.7,180.0,0.92,0.161687619047619,0.9865
865,2022-08-30,902,0.1,0.135,25.9,181.6,0.92,0.1850592233009708,0.9766
866,2022-08-31,903,0.1,0.133,26.0,181.8,0.91,0.1762310861423221,0.7347250000000001
867,2022-09-01,904,0.1,0.131,26.0,181.8,0.91,0.2790994750656168,0.5509333333333334
868,2022-09-02,905,0.1,0.13,25.4,177.5,0.91,0.2379722955145118,0.9734
869,2022-09-03,906,0.1,0.129,25.3,177.1,0.91,0.2889642131979695,0.95875
870,2022-09-04,907,0.1,0.127,25.2,176.3,0.91,0.2781337301587301,0.9949666666666668
871,2022-09-05,908,0.1,0.125,21.1,148.0,0.91,0.2996890365448505,0.9784
872,2022-09-06,909,0.1,0.125,21.8,152.7,0.9,0.2607969418960245,0.3207
873,2022-09-07,910,0.1,0.122,21.4,149.6,0.9,0.2600882882882883,0.9418666666666669
874,2022-09-08,911,0.1,0.12,20.6,144.1,0.91,0.1707493827160494,0.9923272727272728
875,2022-09-09,912,0.1,0.117,20.0,139.8,0.91,0.491462101910828,0.3322666666666666
876,2022-09-10,913,0.1,0.115,19.8,138.5,0.91,0.4564576470588236,0.99865
877,2022-09-11,914,0.1,0.114,20.0,140.2,0.91,0.2069581818181818,0.3356999999999999
878,2022-09-12,915,0.1,0.112,23.0,161.0,0.91,0.1244579439252336,0.9852142857142856
879,2022-09-13,916,0.1,0.108,20.2,141.7,0.91,0.2789208074534161,-0.17976
880,2022-09-14,917,0.1,0.105,19.0,133.1,0.91,0.3189628571428571,0.9352416666666666
881,2022-09-15,918,0.1,0.102,19.2,134.3,0.91,0.2893723404255319,0.4302571428571428
882,2022-09-16,919,0.1,0.1,18.5,129.7,0.91,0.2732878923766816,0.2718833333333333
883,2022-09-17,920,0.1,0.099,18.7,130.8,0.91,0.0609245283018867,0.61238
884,2022-09-18,921,0.1,0.098,18.4,128.9,0.91,0.252916806722689,-0.385725
885,2022-09-19,922,0.1,0.097,17.6,122.9,0.91,0.2454359375,0.4860875
886,2022-09-20,923,0.1,0.096,17.1,119.8,0.91,0.2373052505966587,0.5943
887,2022-09-21,924,0.1,0.094,16.8,117.4,0.91,0.1652108465608465,0.4939375
888,2022-09-22,925,0.1,0.093,16.8,117.8,0.91,0.2162936794582392,0.35162
889,2022-09-23,926,0.1,0.092,16.2,113.6,0.91,0.0831309433962264,-0.3156
890,2022-09-24,927,0.1,0.092,16.3,114.0,0.91,0.2777244655581947,0.4949
891,2022-09-25,928,0.1,0.091,16.3,114.3,0.91,0.1351260663507109,0.9713666666666668
892,2022-09-26,929,0.1,0.089,15.9,111.6,0.92,0.1409293436293436,0.998
893,2022-09-27,930,0.1,0.088,15.5,108.7,0.92,0.2267056122448979,0.7170124999999999
894,2022-09-28,931,0.1,0.087,14.7,102.8,0.92,0.4080499999999999,0.4685727272727273
895,2022-09-29,932,0.1,0.086,14.3,100.2,0.93,0.3372075471698113,0.7106142857142856
896,2022-09-30,933,0.1,0.085,14.1,98.5,0.93,0.3383008928571428,0.3258666666666667
897,2022-10-01,934,0.1,0.084,14.0,98.0,0.93,0.4588164444444444,0.4999
898,2022-10-02,935,0.1,0.084,14.0,97.9,0.93,0.1189339160839161,0.9713
899,2022-10-03,936,0.1,0.083,13.5,94.7,0.93,0.2217796875,0.227775
900,2022-10-04,937,0.1,0.082,13.3,92.9,0.93,0.1640138211382113,0.9090666666666666
901,2022-10-05,938,0.1,0.081,13.0,90.8,0.94,0.1725216718266254,0.99804
902,2022-10-06,939,0.1,0.081,12.5,87.4,0.94,0.1081150485436893,0.5014416666666667
903,2022-10-07,940,0.1,0.081,12.3,86.0,0.94,0.1212,0.4170125
904,2022-10-09,942,0.1,0.08,14.1,98.4,0.94,0.108840234375,0.9658
905,2022-10-10,943,0.1,0.08,12.9,90.1,0.94,0.0654271929824561,0.447275
906,2022-10-11,944,0.1,0.08,13.6,95.1,0.94,0.1590620060790273,0.3212888888888889
907,2022-10-12,945,0.1,0.08,13.2,92.6,0.94,0.1781825396825396,0.7404875
908,2022-10-13,946,0.1,0.08,13.3,93.3,0.94,0.1403563758389261,0.6208000000000001
909,2022-10-14,947,0.1,0.08,13.1,91.4,0.94,0.1667552380952381,0.475775
910,2022-10-15,948,0.1,0.08,11.3,79.2,0.95,0.3128211538461538,-0.9957
911,2022-10-16,949,0.1,0.08,11.3,79.2,0.95,0.1797326086956522,0.3390666666666666
912,2022-10-17,950,0.1,0.079,12.3,86.1,0.95,0.2627666666666666,0.8272
913,2022-10-18,951,0.1,0.079,11.4,79.5,0.96,0.348923602484472,0.455
914,2022-10-19,952,0.1,0.079,11.1,78.0,0.97,0.2251027950310558,0.7425777777777778
915,2022-10-20,953,0.1,0.078,10.5,73.6,0.97,0.2367117870722433,0.6152071428571428
916,2022-10-21,954,0.1,0.077,10.7,75.0,0.98,0.3067918149466192,0.7756555555555555
917,2022-10-22,955,0.1,0.077,10.7,74.9,0.99,0.1832841059602649,0.6520833333333333
918,2022-10-23,956,0.1,0.077,10.7,74.9,1.0,0.1850995192307692,0.2887333333333333
919,2022-10-24,957,0.1,0.078,10.4,72.7,1.0,0.1787010395010395,0.38116875
920,2022-10-25,958,0.1,0.078,10.3,71.9,1.01,0.2236298360655737,0.8242142857142857
921,2022-10-26,959,0.1,0.078,10.8,75.7,1.01,0.2039630597014925,0.5641933333333333
922,2022-10-27,960,0.1,0.079,11.1,78.0,1.02,0.285557619047619,0.2929375
923,2022-10-28,961,0.1,0.08,11.3,79.3,1.02,0.1740899371069182,0.5221333333333333
924,2022-10-29,962,0.1,0.08,11.4,79.7,1.03,0.2161260869565217,0.996
925,2022-10-30,963,0.1,0.08,11.2,78.7,1.03,0.1613191570881226,0.7079142857142857
926,2022-10-31,964,0.1,0.08,11.5,80.7,1.03,0.3351970588235294,0.738575
927,2022-11-01,965,0.1,0.08,11.5,80.2,1.02,0.1683515222482435,0.7033571428571428
928,2022-11-02,966,0.1,0.081,11.3,78.8,1.02,0.2128583333333333,0.4140285714285714
929,2022-11-03,967,0.1,0.081,11.7,81.6,1.02,0.1468408108108108,0.8506
930,2022-11-04,968,0.1,0.082,12.1,84.6,1.02,0.3843145454545454,0.00095
931,2022-11-05,969,0.1,0.082,12.1,84.6,1.02,0.4432058479532164,0.57752
932,2022-11-06,970,0.1,0.082,12.2,85.5,1.02,0.3150454106280193,0.9975
933,2022-11-07,971,0.1,0.082,11.9,83.3,1.02,0.2980924119241192,0.6582333333333333
934,2022-11-08,972,0.1,0.082,11.8,82.4,1.01,0.16444,0.85805
935,2022-11-09,973,0.1,0.082,12.5,87.7,1.01,0.5066409282700421,0.5131249999999999
936,2022-11-10,974,0.1,0.081,13.0,90.7,1.02,0.3605912621359223,0.8612357142857142
937,2022-11-11,975,0.1,0.081,11.4,79.5,1.02,0.3974467105263158,0.55257
938,2022-11-12,976,0.1,0.082,11.3,79.2,1.02,0.3629889705882353,0.989975
939,2022-11-13,977,0.1,0.082,11.1,77.7,1.02,0.3215310638297872,0.993975
940,2022-11-14,978,0.1,0.081,11.6,81.3,1.02,0.3175821705426356,0.99485
941,2022-11-15,979,0.1,0.082,12.1,84.9,1.02,0.3380190476190476,0.62646
942,2022-11-16,980,0.1,0.082,11.7,81.8,1.03,0.1848383763837638,0.3745916666666666
943,2022-11-17,981,0.1,0.083,11.5,80.4,1.03,0.2417913043478261,0.5604357142857143
944,2022-11-19,983,0.1,0.084,12.9,90.1,1.05,0.2547171052631579,0.4108
945,2022-11-20,984,0.1,0.085,12.9,90.6,1.06,0.2206078787878788,0.4922999999999999
946,2022-11-21,985,0.1,0.087,12.6,88.0,1.07,0.2372809885931558,0.5650000000000001
947,2022-11-22,986,0.1,0.09,12.8,89.5,1.07,0.176937619047619,0.251175
948,2022-11-23,987,0.1,0.093,14.1,99.0,1.08,0.2094848101265822,0.6740999999999999
949,2022-11-24,988,0.1,0.096,11.8,82.5,1.09,0.2446949709864603,-0.0177499999999999
950,2022-11-25,989,0.1,0.099,11.2,78.4,1.1,0.5147216560509554,-0.3164
951,2022-11-26,990,0.1,0.102,11.1,77.7,1.11,0.4430135483870968,-0.3190666666666666
952,2022-11-27,991,0.1,0.105,11.3,78.8,1.12,0.1397768518518518,0.9870333333333332
953,2022-11-28,992,0.1,0.108,11.9,83.1,1.12,0.2661064935064935,0.99355
954,2022-11-29,993,0.1,0.112,12.3,85.8,1.12,0.2463850574712643,0.6300307692307693
955,2022-11-30,994,0.1,0.114,12.3,86.1,1.12,0.3537741433021806,0.5415222222222222
956,2022-12-01,995,0.1,0.115,15.0,105.0,1.13,0.3064745454545454,0.7737222222222222
957,2022-12-02,996,0.1,0.116,17.1,119.4,1.13,0.3653401826484018,0.728275
958,2022-12-03,997,0.1,0.117,17.2,120.5,1.12,0.3959754098360655,0.9686
959,2022-12-04,998,0.1,0.118,17.1,119.8,1.12,0.1474633879781421,0.4102
960,2022-12-05,999,0.1,0.118,17.0,118.7,1.11,0.2338756198347107,0.0371833333333333
961,2022-12-06,1000,0.1,0.119,17.1,119.4,1.1,0.3685506787330317,0.4252571428571428
962,2022-12-07,1001,0.1,0.119,18.7,130.9,1.09,0.2879625250501001,0.8215153846153846
963,2022-12-08,1002,0.1,0.12,20.5,143.6,1.09,0.2397170454545454,0.5810500000000001
964,2022-12-09,1003,0.1,0.12,18.8,131.5,1.08,0.2108911917098445,0.7741
965,2022-12-10,1004,0.1,0.121,18.8,131.6,1.07,0.2090993957703927,0.518275
966,2022-12-11,1005,0.1,0.121,18.8,131.8,1.06,0.2145273092369478,0.062
967,2022-12-12,1006,0.1,0.122,18.8,131.9,1.05,0.1751695238095238,0.3300666666666667
968,2022-12-13,1007,0.1,0.122,19.3,134.8,1.04,0.2345941176470588,0.7045375
969,2022-12-14,1008,0.1,0.123,19.5,136.3,1.04,0.1411270967741935,0.4310285714285714
970,2022-12-15,1009,0.1,0.124,18.9,132.2,1.03,0.1803399239543726,0.1430384615384615
971,2022-12-16,1010,0.1,0.125,20.6,144.5,1.03,0.2059648221343873,0.5943714285714287
972,2022-12-17,1011,0.1,0.125,20.6,144.4,1.03,0.4801957055214724,0.4908
973,2022-12-18,1012,0.1,0.126,20.7,144.6,1.02,0.3511221789883268,0.9911
974,2022-12-19,1013,0.1,0.127,20.8,145.5,1.01,0.2355755707762557,0.7202583333333333
975,2022-12-20,1014,0.1,0.129,20.7,145.0,1.01,0.3196503105590062,0.46756
976,2022-12-21,1015,0.1,0.132,22.1,154.7,1.01,0.2812754901960784,0.9692333333333334
977,2022-12-22,1016,0.1,0.134,23.0,161.3,1.0,0.3193320185614849,0.6831076923076923
978,2022-12-23,1017,0.1,0.137,21.2,148.4,1.0,0.329237614678899,0.6443000000000001
979,2022-12-24,1018,0.1,0.138,21.2,148.4,1.0,0.3506634980988593,-0.9873
980,2022-12-25,1019,0.1,0.138,21.1,147.6,0.99,0.5026607594936708,0.9989
981,2022-12-26,1020,0.1,0.14,19.0,133.1,0.98,0.287824193548387,-0.998
982,2022-12-27,1021,0.1,0.144,20.3,141.8,0.98,0.280977033492823,0.6532142857142856
983,2022-12-28,1022,0.1,0.148,17.5,122.5,0.97,0.4421463035019455,0.9957
984,2022-12-29,1023,0.1,0.151,15.8,110.9,0.96,0.2877347992351816,0.817625
985,2023-01-06,1031,0.1,0.142,33.1,231.4,0.91,0.2476425925925925,0.5874090909090909
986,2023-01-07,1032,0.1,0.14,17.1,119.5,0.91,0.3450597864768683,-0.3245333333333333
987,2023-01-08,1033,0.1,0.138,12.0,84.0,0.91,0.1991788659793814,0.8457
988,2023-01-09,1034,0.1,0.134,12.3,86.4,0.91,0.2294020979020979,0.013275
989,2023-01-10,1035,0.1,0.128,12.5,87.6,0.9,0.2960254716981131,0.3039636363636364
990,2023-01-11,1036,0.1,0.123,18.4,128.7,0.91,0.303587962962963,0.6255083333333333
991,2023-01-12,1037,0.1,0.119,19.9,139.6,0.91,0.3505600823045267,0.5379111111111111
992,2023-01-13,1038,0.1,0.116,16.5,115.8,0.91,0.2846411057692308,0.0046
993,2023-01-14,1039,0.1,0.114,16.6,115.9,0.92,0.2764978260869565,-0.10235
994,2023-01-15,1040,0.1,0.112,16.5,115.2,0.92,0.3543173913043478,0.542675
995,2023-01-16,1041,0.1,0.111,14.9,104.3,0.91,0.3218118959107807,0.9596666666666668
996,2023-01-17,1042,0.1,0.11,15.5,108.8,0.92,0.3073389199255121,0.99632
997,2023-01-18,1043,0.1,0.108,15.0,104.8,0.92,0.2456506329113924,0.746725
998,2023-01-19,1044,0.1,0.107,13.7,96.0,0.92,0.2291947142857142,0.4554
999,2023-01-21,1046,0.1,0.105,14.4,100.6,0.93,0.2944448275862069,0.2423333333333333
1000,2023-01-22,1047,0.1,0.105,14.4,101.1,0.93,0.0937478747203579,0.99805
1001,2023-01-23,1048,0.1,0.104,15.6,109.5,0.93,0.1834766891891892,0.19136
1002,2023-01-24,1049,0.1,0.103,14.3,100.1,0.94,0.189532,0.7865181818181818
1003,2023-01-25,1050,0.1,0.102,12.7,88.9,0.94,0.1855429590017825,0.3070333333333333
1004,2023-01-26,1051,0.1,0.101,13.2,92.7,0.95,0.2117246119733924,-0.00532
1005,2023-01-27,1052,0.1,0.102,12.0,83.7,0.96,0.2830465437788018,-0.4270142857142857
1006,2023-01-28,1053,0.1,0.101,12.0,83.7,0.96,0.1143016949152542,0.9916
1007,2023-01-29,1054,0.1,0.101,11.9,83.5,0.96,0.2404944540727903,0.33404
1008,2023-01-30,1055,0.1,0.1,11.8,82.9,0.97,0.286794403892944,0.4957125
1009,2023-01-31,1056,0.1,0.1,11.8,82.9,0.97,0.1876957894736842,0.19788
1010,2023-02-01,1057,0.1,0.1,11.7,81.8,0.97,0.2624182242990654,0.0007999999999999
1011,2023-02-02,1058,0.1,0.099,11.2,78.4,0.97,0.2719626865671641,0.19731
1012,2023-02-03,1059,0.1,0.098,13.4,93.6,0.97,0.1875035849056603,0.2341666666666667
1013,2023-02-04,1060,0.1,0.098,13.4,93.8,0.97,0.3089213960546282,-0.58396
1014,2023-02-05,1061,0.1,0.097,13.3,93.3,0.97,0.2765241590214067,0.9894
1015,2023-02-06,1062,0.1,0.097,13.1,91.5,0.97,0.2003764415156507,0.46979
1016,2023-02-07,1063,0.1,0.096,13.1,91.6,0.96,0.2792997835497835,0.7666299999999999
1017,2023-02-08,1064,0.1,0.096,13.2,92.4,0.96,0.3031946188340807,0.7423333333333333
1018,2023-02-09,1065,0.1,0.096,13.3,92.8,0.96,0.2455849173553719,0.755170588235294
1019,2023-02-10,1066,0.1,0.096,11.1,77.7,0.96,0.2906313485113835,0.5819300000000001
1020,2023-02-11,1067,0.1,0.096,11.1,77.4,0.96,0.44305663507109,0.0415499999999999
1021,2023-02-12,1068,0.1,0.096,11.1,77.5,0.96,0.4344052123552123,0.3990499999999999
1022,2023-02-13,1069,0.1,0.095,11.1,77.4,0.95,0.3234830018083182,0.835925
1023,2023-02-14,1070,0.1,0.095,10.9,76.1,0.95,0.0706884615384615,0.9581
1024,2023-02-15,1071,0.1,0.094,10.5,73.3,0.95,0.3024967959527825,0.2559
1025,2023-02-16,1072,0.1,0.092,10.5,73.8,0.96,0.2544220198675496,0.4604454545454545
1026,2023-02-17,1073,0.1,0.092,11.9,83.4,0.96,0.2842759663865546,-0.0570099999999999
1027,2023-02-18,1074,0.1,0.092,12.0,84.0,0.96,0.3534842276422764,0.491725
1028,2023-02-19,1075,0.1,0.091,12.0,84.0,0.96,0.2379025157232704,0.9954666666666666
1029,2023-02-20,1076,0.1,0.091,11.3,79.1,0.96,0.1661666074600355,-0.9258
1030,2023-02-21,1077,0.1,0.09,11.4,79.6,0.96,0.2628488950276243,0.21386
1031,2023-02-22,1078,0.1,0.089,11.3,78.9,0.96,0.3400741538461538,0.4219
1032,2023-02-23,1079,0.1,0.088,11.0,77.1,0.96,0.3004713991769547,0.5567888888888889
1033,2023-02-24,1080,0.1,0.086,9.5,66.6,0.96,0.1435559726962457,0.2535599999999999
1034,2023-02-25,1081,0.1,0.085,9.4,65.8,0.95,0.2046914691943128,-0.1722999999999999
1035,2023-02-26,1082,0.1,0.084,9.4,65.6,0.95,0.2304701923076923,-0.2722333333333334
1036,2023-02-27,1083,0.1,0.083,9.8,68.6,0.94,0.2003166402535657,0.9466333333333332
1037,2023-02-28,1084,0.1,0.081,9.8,68.3,0.93,0.2188544673539519,0.7005222222222223
1038,2023-03-01,1085,0.1,0.08,9.2,64.5,0.91,0.0590376383763837,0.3210333333333333
1039,2023-03-02,1086,0.1,0.078,9.1,63.8,0.9,0.1277885714285714,0.19134
1040,2023-03-03,1087,0.1,0.077,11.6,81.4,0.89,0.1718361328125,0.19702
1041,2023-03-04,1088,0.1,0.076,11.6,81.4,0.88,0.3507054961832061,0.9960333333333334
1042,2023-03-05,1089,0.1,0.075,11.6,81.2,0.86,0.1849434782608695,0.991925
1043,2023-03-06,1090,0.1,0.073,11.5,80.2,0.85,0.2244643059490085,-0.0014999999999999
1044,2023-03-07,1091,0.1,0.072,11.3,78.8,0.83,0.1667386639676113,0.5105999999999999
1045,2023-03-08,1092,0.1,0.071,10.2,71.4,0.82,0.2055260647359454,0.39755
1046,2023-03-09,1093,0.1,0.07,9.9,69.4,0.81,0.219765237020316,0.0075999999999999
1047,2023-03-10,1094,0.1,0.07,7.4,51.5,0.81,0.2611668041237113,0.8874875
1048,2023-03-11,1095,0.1,0.069,7.4,51.5,0.81,0.1911758474576271,0.8946000000000001
1049,2023-03-12,1096,0.1,0.069,7.3,51.3,0.8,0.2766027118644068,0.9995
1050,2023-03-13,1097,0.1,0.069,7.3,50.8,0.81,0.2811913713405239,0.9609833333333334
1051,2023-03-14,1098,0.1,0.068,7.1,49.7,0.81,0.3224944444444445,0.7076
1052,2023-03-16,1100,0.1,0.066,5.0,35.3,0.84,0.3277289134438305,0.3579692307692307
1053,2023-03-17,1101,0.1,0.066,5.5,38.4,0.86,0.2419518159806295,0.2782125
1054,2023-03-18,1102,0.1,0.066,5.5,38.2,0.88,0.2770064377682403,0.9951428571428572
1055,2023-03-19,1103,0.1,0.065,5.5,38.4,0.9,0.2599971209213051,0.987425
1056,2023-03-20,1104,0.1,0.065,5.3,37.2,0.92,0.179925,0.5186444444444445
1057,2023-03-21,1105,0.1,0.066,5.2,36.6,0.94,0.2126936210131332,0.4058
1058,2023-03-22,1106,0.1,0.066,6.7,47.0,0.96,0.243886569579288,0.7257999999999999
1059,2023-03-24,1108,0.1,0.067,5.4,37.8,0.99,0.2013308510638297,0.503523076923077
1060,2023-03-25,1109,0.1,0.066,6.6,46.1,1.01,0.1519997229916897,0.1081
1061,2023-03-26,1110,0.1,0.066,7.8,54.4,1.02,0.1822845814977973,0.5012333333333333
1062,2023-03-27,1111,0.1,0.066,8.5,59.7,1.02,0.1614407322654462,0.27075
1063,2023-03-28,1112,0.1,0.066,8.9,62.0,1.02,0.1162425648021828,-0.1583857142857143
1064,2023-03-29,1113,0.1,0.065,7.5,52.5,1.02,0.1031910384068278,0.60838125
1065,2023-03-30,1114,0.1,0.064,7.2,50.7,1.02,0.1407740890688259,0.3355461538461538
1066,2023-03-31,1115,0.1,0.064,7.0,48.8,1.01,0.2806546840958606,-0.1799555555555555
1067,2023-04-01,1116,0.1,0.064,6.7,47.0,1.01,0.2031658040665434,0.7334
1068,2023-04-02,1117,0.1,0.063,6.5,45.2,1.0,0.1918159292035398,0.99125
1069,2023-04-03,1118,0.1,0.063,6.2,43.4,0.98,0.2775864615384615,0.9768909090909093
1070,2023-04-04,1119,0.1,0.062,5.9,41.5,0.97,0.1929077611940298,0.6141636363636364
1071,2023-04-05,1120,0.1,0.062,5.7,39.7,0.96,0.1554325349301397,0.7108583333333334
1072,2023-04-06,1121,0.1,0.062,5.5,38.8,0.95,0.2053446685878962,0.4120916666666667
1073,2023-04-07,1122,0.1,0.062,5.4,37.8,0.95,0.2111653846153846,0.5216222222222222
1074,2023-04-08,1123,0.1,0.061,5.3,36.9,0.94,0.1446009302325581,0.338
1075,2023-04-09,1124,0.1,0.061,5.1,35.9,0.94,0.1297196940726577,0.9672333333333332
1076,2023-04-10,1125,0.1,0.06,5.0,35.0,0.93,0.2411734042553191,0.2666636363636364
1077,2023-04-11,1126,0.1,0.061,4.9,34.1,0.92,0.2271713991769547,-0.17742
1078,2023-04-12,1127,0.1,0.06,4.7,33.1,0.92,0.2281888341543514,0.3827
1079,2023-04-13,1128,0.1,0.06,4.7,33.0,0.93,0.2542228519195612,-0.2179625
1080,2023-04-14,1129,0.1,0.059,4.7,32.9,0.93,0.2307399198931909,0.1833875
1081,2023-04-15,1130,0.1,0.059,4.7,32.7,0.93,0.3375504360465116,0.3419333333333332
1082,2023-04-16,1131,0.1,0.058,4.7,32.6,0.93,0.1018931677018633,0.9618666666666668
1083,2023-04-17,1132,0.1,0.057,4.6,32.5,0.93,0.1361672816728167,0.20026
1084,2023-04-18,1133,0.1,0.056,4.6,32.4,0.93,0.2954738419618529,0.0164785714285714
1085,2023-04-19,1134,0.1,0.054,4.6,32.2,0.93,0.1916440650406504,0.7093266666666668
1086,2023-04-20,1135,0.1,0.053,4.5,31.8,0.93,0.3167512014787431,0.4502
1087,2023-04-21,1136,0.1,0.052,4.5,31.4,0.94,0.3725305466237942,0.2124428571428571
1088,2023-04-22,1137,0.1,0.051,4.4,31.0,0.94,0.2347718498659517,0.3261333333333333
1089,2023-04-23,1138,0.1,0.051,4.4,30.6,0.94,0.2892712430426716,0.6583
1090,2023-04-24,1139,0.1,0.05,4.3,30.2,0.94,0.2962327948303715,0.7432875
1091,2023-04-25,1140,0.1,0.05,4.2,29.7,0.94,0.3082423255813953,0.5870200000000001
1092,2023-04-26,1141,0.1,0.05,4.2,29.3,0.95,0.2193998120300751,0.2492909090909091
1093,2023-04-27,1142,0.1,0.05,4.1,28.8,0.96,0.2841914826498423,0.3866222222222222
1094,2023-04-28,1143,0.1,0.049,4.0,28.3,0.98,0.2976142611683849,0.5428999999999999
1095,2023-04-29,1144,0.1,0.049,4.0,27.8,0.99,0.2947527454242928,0.97204
1096,2023-04-30,1145,0.1,0.05,3.9,27.3,1.0,0.3300921146953405,0.3113666666666667
1097,2023-05-01,1146,0.1,0.05,3.8,26.8,1.01,0.259525,0.79501
1098,2023-05-02,1147,0.1,0.05,3.8,26.3,1.03,0.3688546632124352,0.5492444444444444
1099,2023-05-03,1148,0.1,0.051,3.7,25.8,1.05,0.1893714673913043,0.5556222222222222
1100,2023-05-04,1149,0.1,0.051,3.6,25.4,1.07,0.2525236503856041,0.643925
1101,2023-05-05,1150,0.1,0.05,3.6,25.0,1.09,0.2706460767946577,0.0908666666666666
1102,2023-05-06,1151,0.1,0.05,3.5,24.5,1.11,0.3976783783783784,0.9404
1103,2023-05-07,1152,0.1,0.05,3.4,24.1,1.13,0.1484366197183098,-0.0041499999999999
1104,2023-05-08,1153,0.1,0.049,3.4,23.7,1.15,0.1881018633540372,0.1424428571428571
1105,2023-05-09,1154,0.1,0.049,3.3,23.2,1.17,0.1896324116743471,0.2037636363636363
