,testPositivityRatio,caseDensity,weeklyNewCasesPer100k,infectionRate,infectionRateCI90,date
0,0.128,0.1,0.6,1.83,0.12,2020-03-14
1,0.124,0.1,0.7,1.83,0.1,2020-03-15
2,0.131,0.1,1.0,1.82,0.1,2020-03-16
3,0.129,0.2,1.4,1.81,0.1,2020-03-17
4,0.127,0.4,2.8,1.79,0.1,2020-03-19
5,0.122,0.7,4.6,1.77,0.1,2020-03-20
6,0.13,0.9,6.6,1.74,0.1,2020-03-21
7,0.138,1.3,9.4,1.72,0.1,2020-03-22
8,0.147,1.8,12.7,1.69,0.1,2020-03-23
9,0.155,2.3,15.9,1.65,0.1,2020-03-24
10,0.161,2.6,18.0,1.62,0.1,2020-03-25
11,0.169,3.1,22.0,1.58,0.1,2020-03-26
12,0.174,3.6,25.5,1.54,0.1,2020-03-27
13,0.18,4.3,29.9,1.49,0.1,2020-03-28
14,0.184,4.7,33.0,1.45,0.1,2020-03-29
15,0.188,5.2,36.3,1.41,0.1,2020-03-30
16,0.193,5.8,40.5,1.36,0.1,2020-03-31
17,0.199,6.3,44.3,1.32,0.1,2020-04-01
18,0.204,6.9,48.1,1.28,0.1,2020-04-02
19,0.208,7.5,52.6,1.25,0.1,2020-04-03
20,0.209,8.1,56.8,1.21,0.1,2020-04-04
21,0.21,8.4,59.0,1.18,0.1,2020-04-05
22,0.211,8.8,61.8,1.15,0.1,2020-04-06
23,0.208,9.1,63.6,1.12,0.1,2020-04-07
24,0.207,9.2,64.7,1.1,0.1,2020-04-08
25,0.206,9.4,66.1,1.08,0.1,2020-04-09
26,0.206,9.5,66.5,1.06,0.1,2020-04-10
27,0.2,9.3,65.4,1.04,0.1,2020-04-11
28,0.2,9.4,65.9,1.03,0.1,2020-04-12
29,0.199,9.2,64.4,1.02,0.1,2020-04-13
30,0.199,9.0,63.3,1.01,0.1,2020-04-14
31,0.197,9.0,63.1,1.0,0.1,2020-04-15
32,0.194,8.9,62.3,0.99,0.1,2020-04-16
33,0.188,8.8,61.7,0.99,0.1,2020-04-17
34,0.188,8.7,60.7,0.99,0.1,2020-04-18
35,0.183,8.6,60.1,0.98,0.1,2020-04-19
36,0.179,8.7,60.6,0.98,0.1,2020-04-20
37,0.173,8.6,60.3,0.98,0.1,2020-04-21
38,0.167,8.6,60.0,0.98,0.1,2020-04-22
39,0.162,8.7,60.6,0.98,0.1,2020-04-23
40,0.158,8.8,61.9,0.97,0.1,2020-04-24
41,0.155,9.1,63.5,0.97,0.1,2020-04-25
42,0.154,9.1,63.9,0.97,0.1,2020-04-26
43,0.151,8.9,62.6,0.96,0.1,2020-04-27
44,0.147,8.9,62.3,0.96,0.1,2020-04-28
45,0.144,8.8,61.6,0.95,0.1,2020-04-29
46,0.14,8.7,60.6,0.95,0.1,2020-04-30
47,0.136,8.5,59.7,0.95,0.1,2020-05-01
48,0.132,8.3,58.4,0.94,0.1,2020-05-02
49,0.128,8.3,58.2,0.94,0.1,2020-05-03
50,0.124,8.3,57.9,0.94,0.1,2020-05-04
51,0.122,8.2,57.6,0.94,0.1,2020-05-05
52,0.117,8.1,57.0,0.94,0.1,2020-05-06
53,0.112,8.1,56.4,0.94,0.1,2020-05-07
54,0.107,7.8,54.9,0.94,0.1,2020-05-08
55,0.103,7.6,53.5,0.94,0.1,2020-05-09
56,0.1,7.4,51.7,0.94,0.1,2020-05-10
57,0.097,7.2,50.4,0.94,0.1,2020-05-11
58,0.093,7.1,50.0,0.95,0.1,2020-05-12
59,0.089,7.0,49.0,0.95,0.1,2020-05-13
60,0.086,6.9,48.5,0.95,0.1,2020-05-14
61,0.084,6.9,48.1,0.96,0.1,2020-05-15
62,0.082,6.8,47.7,0.96,0.1,2020-05-16
63,0.082,6.8,47.3,0.96,0.1,2020-05-17
64,0.081,6.9,48.6,0.97,0.1,2020-05-18
65,0.08,6.9,48.2,0.97,0.1,2020-05-19
66,0.079,7.0,48.8,0.97,0.1,2020-05-20
67,0.077,6.9,48.3,0.97,0.1,2020-05-21
68,0.076,6.8,47.5,0.97,0.1,2020-05-22
69,0.074,6.7,47.1,0.98,0.1,2020-05-23
70,0.072,6.8,47.4,0.98,0.1,2020-05-24
71,0.071,6.7,46.6,0.98,0.1,2020-05-25
72,0.07,6.6,46.0,0.98,0.1,2020-05-26
73,0.069,6.4,44.7,0.98,0.1,2020-05-27
74,0.068,6.3,43.9,0.98,0.1,2020-05-28
75,0.067,6.3,44.1,0.99,0.1,2020-05-29
76,0.066,6.3,44.4,0.99,0.1,2020-05-30
77,0.065,6.4,44.6,0.99,0.1,2020-05-31
78,0.063,6.5,45.5,1.0,0.1,2020-06-02
79,0.062,6.6,45.9,1.01,0.1,2020-06-03
80,0.061,6.5,45.4,1.01,0.1,2020-06-04
81,0.06,6.5,45.3,1.02,0.1,2020-06-05
82,0.059,6.4,45.0,1.03,0.1,2020-06-06
83,0.058,6.3,44.3,1.04,0.1,2020-06-07
84,0.059,6.2,43.5,1.05,0.1,2020-06-08
85,0.058,6.2,43.3,1.06,0.1,2020-06-09
86,0.058,6.2,43.4,1.07,0.1,2020-06-10
87,0.057,6.3,44.1,1.09,0.1,2020-06-11
88,0.058,6.3,44.4,1.1,0.1,2020-06-12
89,0.058,6.4,44.9,1.11,0.1,2020-06-13
90,0.059,6.4,45.1,1.13,0.1,2020-06-14
91,0.061,6.5,45.6,1.14,0.1,2020-06-15
92,0.063,6.8,47.5,1.15,0.1,2020-06-16
93,0.066,7.0,49.0,1.16,0.1,2020-06-17
94,0.069,7.2,50.5,1.17,0.1,2020-06-18
95,0.072,7.5,52.4,1.18,0.1,2020-06-19
96,0.074,7.8,54.8,1.19,0.1,2020-06-20
97,0.076,8.1,57.0,1.19,0.1,2020-06-21
98,0.077,8.6,60.1,1.19,0.1,2020-06-22
99,0.078,9.0,63.1,1.2,0.1,2020-06-23
100,0.079,9.5,66.6,1.2,0.1,2020-06-24
101,0.08,10.0,69.9,1.19,0.1,2020-06-25
102,0.083,10.6,74.0,1.19,0.1,2020-06-26
103,0.085,11.0,77.1,1.19,0.1,2020-06-27
104,0.086,11.6,81.1,1.18,0.1,2020-06-28
105,0.088,12.0,83.8,1.18,0.1,2020-06-29
106,0.091,12.5,87.8,1.17,0.1,2020-06-30
107,0.095,13.1,91.8,1.16,0.1,2020-07-01
108,0.097,13.8,96.7,1.16,0.1,2020-07-02
109,0.098,14.3,100.2,1.15,0.1,2020-07-03
110,0.1,14.7,102.6,1.14,0.1,2020-07-04
111,0.102,14.9,104.2,1.14,0.1,2020-07-05
112,0.104,15.2,106.3,1.13,0.1,2020-07-06
113,0.105,15.4,108.0,1.12,0.1,2020-07-07
114,0.105,15.8,110.9,1.11,0.1,2020-07-08
115,0.105,16.0,112.2,1.11,0.1,2020-07-09
116,0.105,16.5,115.5,1.1,0.1,2020-07-10
117,0.105,17.0,118.8,1.09,0.1,2020-07-11
118,0.105,17.5,122.7,1.08,0.1,2020-07-12
119,0.104,18.2,127.2,1.07,0.1,2020-07-13
120,0.104,18.7,130.7,1.07,0.1,2020-07-14
121,0.103,19.1,133.4,1.06,0.1,2020-07-15
122,0.102,19.7,138.1,1.05,0.1,2020-07-16
123,0.101,19.8,138.9,1.04,0.1,2020-07-17
124,0.1,19.9,139.4,1.03,0.1,2020-07-18
125,0.099,20.1,140.8,1.02,0.1,2020-07-19
126,0.098,20.0,140.3,1.01,0.1,2020-07-20
127,0.097,20.0,140.2,1.0,0.1,2020-07-21
128,0.096,20.1,140.6,0.99,0.1,2020-07-22
129,0.095,19.8,138.9,0.98,0.1,2020-07-23
130,0.094,19.9,139.5,0.98,0.1,2020-07-24
131,0.093,20.1,140.9,0.97,0.1,2020-07-25
132,0.093,19.8,138.4,0.96,0.1,2020-07-26
133,0.092,19.7,138.2,0.96,0.1,2020-07-27
134,0.09,19.6,137.5,0.95,0.1,2020-07-28
135,0.089,19.5,136.5,0.95,0.1,2020-07-29
136,0.088,19.5,136.2,0.94,0.1,2020-07-30
137,0.087,19.3,135.0,0.94,0.1,2020-07-31
138,0.085,18.9,132.0,0.94,0.1,2020-08-01
139,0.083,18.7,131.0,0.93,0.1,2020-08-02
140,0.082,18.2,127.5,0.93,0.1,2020-08-03
141,0.08,17.8,124.6,0.93,0.1,2020-08-04
142,0.079,17.2,120.7,0.93,0.1,2020-08-05
143,0.077,16.8,117.3,0.93,0.1,2020-08-06
144,0.075,16.4,114.9,0.92,0.1,2020-08-07
145,0.074,16.3,114.4,0.92,0.1,2020-08-08
146,0.073,16.2,113.7,0.92,0.1,2020-08-09
147,0.072,16.2,113.6,0.92,0.1,2020-08-10
148,0.07,16.2,113.6,0.92,0.1,2020-08-11
149,0.068,16.2,113.7,0.92,0.1,2020-08-12
150,0.067,16.1,112.7,0.92,0.1,2020-08-13
151,0.065,16.0,111.9,0.92,0.1,2020-08-14
152,0.064,15.8,110.6,0.92,0.1,2020-08-15
153,0.063,15.3,107.2,0.92,0.1,2020-08-16
154,0.063,14.8,103.8,0.92,0.1,2020-08-17
155,0.061,14.4,100.6,0.92,0.1,2020-08-18
156,0.06,13.9,97.1,0.93,0.1,2020-08-19
157,0.059,13.5,94.7,0.93,0.1,2020-08-20
158,0.058,13.1,91.6,0.93,0.1,2020-08-21
159,0.057,12.8,89.5,0.94,0.1,2020-08-22
160,0.057,12.6,88.1,0.94,0.1,2020-08-23
161,0.056,12.7,88.9,0.94,0.1,2020-08-24
162,0.056,12.5,87.8,0.95,0.1,2020-08-25
163,0.056,12.6,88.0,0.95,0.1,2020-08-26
164,0.056,12.5,87.8,0.95,0.1,2020-08-27
165,0.056,12.5,87.2,0.95,0.1,2020-08-28
166,0.055,12.5,87.3,0.95,0.1,2020-08-29
167,0.055,12.5,87.6,0.96,0.1,2020-08-30
168,0.055,12.4,87.0,0.96,0.1,2020-08-31
169,0.054,12.4,86.5,0.96,0.1,2020-09-02
170,0.054,12.4,86.8,0.96,0.1,2020-09-03
171,0.053,12.4,86.6,0.97,0.1,2020-09-04
172,0.052,12.3,85.8,0.97,0.1,2020-09-05
173,0.052,12.1,84.6,0.98,0.1,2020-09-06
174,0.052,11.5,80.7,0.98,0.1,2020-09-07
175,0.051,11.1,77.8,0.99,0.1,2020-09-08
176,0.05,10.8,75.7,0.99,0.1,2020-09-09
177,0.049,10.5,73.4,1.0,0.1,2020-09-10
178,0.047,10.6,73.9,1.01,0.1,2020-09-11
179,0.047,10.4,72.9,1.01,0.1,2020-09-12
180,0.047,10.5,73.3,1.02,0.1,2020-09-13
181,0.046,11.0,76.8,1.02,0.1,2020-09-14
182,0.046,11.3,79.3,1.03,0.1,2020-09-15
183,0.046,11.6,81.1,1.03,0.1,2020-09-16
184,0.046,11.9,83.1,1.03,0.1,2020-09-17
185,0.046,11.9,83.2,1.04,0.1,2020-09-18
186,0.045,12.0,84.1,1.04,0.1,2020-09-19
187,0.045,12.1,84.9,1.04,0.1,2020-09-20
188,0.046,12.2,85.3,1.04,0.1,2020-09-22
189,0.046,12.3,86.2,1.04,0.1,2020-09-23
190,0.046,12.3,86.3,1.04,0.1,2020-09-24
191,0.046,12.3,85.9,1.04,0.1,2020-09-25
192,0.047,12.3,86.2,1.04,0.1,2020-09-26
193,0.047,12.5,87.3,1.04,0.1,2020-09-27
194,0.048,12.3,86.1,1.05,0.1,2020-09-28
195,0.048,12.6,88.3,1.05,0.1,2020-09-29
196,0.048,12.6,88.1,1.06,0.1,2020-09-30
197,0.048,12.6,88.5,1.06,0.1,2020-10-01
198,0.048,12.8,89.5,1.07,0.1,2020-10-02
199,0.048,13.0,90.7,1.07,0.1,2020-10-03
200,0.048,12.9,90.0,1.08,0.1,2020-10-04
201,0.048,13.0,91.1,1.08,0.1,2020-10-05
202,0.048,13.0,91.3,1.09,0.1,2020-10-06
203,0.048,13.5,94.4,1.09,0.1,2020-10-07
204,0.048,13.9,97.4,1.09,0.1,2020-10-08
205,0.049,14.3,100.0,1.1,0.1,2020-10-09
206,0.049,14.5,101.5,1.1,0.1,2020-10-10
207,0.05,14.9,104.4,1.11,0.1,2020-10-11
208,0.052,15.2,106.5,1.11,0.1,2020-10-12
209,0.054,15.7,110.0,1.11,0.1,2020-10-13
210,0.055,16.1,112.7,1.11,0.1,2020-10-14
211,0.056,16.5,115.4,1.11,0.1,2020-10-15
212,0.058,17.0,118.8,1.12,0.1,2020-10-16
213,0.058,17.0,119.2,1.12,0.1,2020-10-17
214,0.059,17.2,120.1,1.12,0.1,2020-10-18
215,0.059,17.9,125.4,1.12,0.1,2020-10-19
216,0.059,18.2,127.2,1.13,0.1,2020-10-20
217,0.06,18.4,128.5,1.13,0.1,2020-10-21
218,0.061,18.8,131.5,1.13,0.1,2020-10-22
219,0.063,19.3,134.8,1.14,0.1,2020-10-23
220,0.064,20.4,142.6,1.14,0.1,2020-10-24
221,0.066,20.9,146.1,1.15,0.1,2020-10-25
222,0.067,21.1,147.8,1.15,0.1,2020-10-26
223,0.068,21.7,151.9,1.16,0.1,2020-10-27
224,0.069,22.5,157.3,1.16,0.1,2020-10-28
225,0.071,23.1,162.0,1.17,0.1,2020-10-29
226,0.073,23.9,167.5,1.17,0.1,2020-10-30
227,0.074,24.2,169.2,1.18,0.1,2020-10-31
228,0.076,24.7,173.1,1.18,0.1,2020-11-01
229,0.077,25.7,180.1,1.19,0.1,2020-11-02
230,0.08,26.5,185.6,1.19,0.1,2020-11-03
231,0.083,27.6,193.5,1.19,0.1,2020-11-04
232,0.086,29.0,202.7,1.19,0.1,2020-11-05
233,0.089,30.3,212.3,1.19,0.1,2020-11-06
234,0.091,31.9,223.6,1.18,0.1,2020-11-07
235,0.094,33.3,232.9,1.18,0.1,2020-11-08
236,0.097,34.8,243.8,1.17,0.1,2020-11-09
237,0.1,36.9,258.0,1.16,0.1,2020-11-10
238,0.103,38.4,268.5,1.15,0.1,2020-11-11
239,0.106,40.2,281.3,1.14,0.1,2020-11-12
240,0.108,42.3,296.2,1.13,0.1,2020-11-13
241,0.109,43.9,307.6,1.12,0.1,2020-11-14
242,0.109,45.3,317.2,1.11,0.1,2020-11-15
243,0.108,46.9,328.1,1.1,0.1,2020-11-16
244,0.107,47.8,334.8,1.09,0.1,2020-11-17
245,0.105,49.1,343.7,1.08,0.1,2020-11-18
246,0.104,50.1,350.9,1.07,0.1,2020-11-19
247,0.103,50.9,356.1,1.06,0.1,2020-11-20
248,0.102,51.4,360.0,1.06,0.1,2020-11-21
249,0.101,51.7,361.7,1.05,0.1,2020-11-22
250,0.1,52.2,365.7,1.05,0.1,2020-11-23
251,0.099,52.9,370.6,1.05,0.1,2020-11-24
252,0.099,53.3,373.1,1.05,0.1,2020-11-25
253,0.099,49.7,347.6,1.05,0.1,2020-11-26
254,0.101,50.0,349.7,1.05,0.1,2020-11-27
255,0.104,49.1,343.5,1.05,0.1,2020-11-28
256,0.107,48.9,342.1,1.06,0.1,2020-11-29
257,0.11,48.4,338.5,1.06,0.1,2020-11-30
258,0.113,48.6,340.1,1.06,0.1,2020-12-01
259,0.118,49.5,346.2,1.06,0.1,2020-12-02
260,0.12,54.4,380.9,1.06,0.1,2020-12-03
261,0.12,55.5,388.6,1.06,0.1,2020-12-04
262,0.12,57.8,404.9,1.06,0.1,2020-12-05
263,0.12,59.4,415.7,1.06,0.1,2020-12-06
264,0.12,61.0,426.9,1.05,0.1,2020-12-07
265,0.119,61.4,429.5,1.05,0.1,2020-12-08
266,0.118,62.2,435.1,1.04,0.1,2020-12-09
267,0.117,62.5,437.5,1.04,0.1,2020-12-10
268,0.118,61.4,429.7,1.02,0.1,2020-12-12
269,0.118,62.0,434.0,1.02,0.1,2020-12-13
270,0.119,61.8,432.7,1.01,0.1,2020-12-14
271,0.12,62.4,436.8,1.0,0.1,2020-12-15
272,0.12,63.7,445.6,1.0,0.1,2020-12-16
273,0.12,64.3,449.8,0.99,0.1,2020-12-17
274,0.121,65.9,461.3,0.99,0.1,2020-12-18
275,0.12,65.3,457.2,0.99,0.1,2020-12-19
276,0.119,65.1,455.9,0.99,0.1,2020-12-20
277,0.119,65.2,456.1,0.99,0.1,2020-12-21
278,0.118,65.1,455.7,0.99,0.1,2020-12-22
279,0.118,64.4,450.5,1.0,0.1,2020-12-23
280,0.117,62.5,437.2,1.01,0.1,2020-12-24
281,0.119,56.0,391.9,1.01,0.1,2020-12-25
282,0.122,57.0,398.8,1.02,0.1,2020-12-26
283,0.125,55.8,390.4,1.03,0.1,2020-12-27
284,0.129,55.2,386.6,1.04,0.1,2020-12-28
285,0.135,55.2,386.5,1.04,0.1,2020-12-29
286,0.141,55.3,386.8,1.05,0.1,2020-12-30
287,0.147,56.9,398.1,1.05,0.1,2020-12-31
288,0.149,58.9,412.1,1.05,0.1,2021-01-01
289,0.15,62.1,434.7,1.05,0.1,2021-01-02
290,0.151,64.2,449.7,1.05,0.1,2021-01-03
291,0.15,64.7,453.2,1.04,0.1,2021-01-04
292,0.149,66.2,463.4,1.03,0.1,2021-01-05
293,0.148,67.4,471.6,1.02,0.1,2021-01-06
294,0.144,69.5,486.5,1.01,0.1,2021-01-07
295,0.14,76.1,532.8,1.0,0.1,2021-01-08
296,0.137,74.4,520.8,0.98,0.1,2021-01-09
297,0.135,74.7,522.8,0.97,0.1,2021-01-10
298,0.133,75.8,530.5,0.95,0.1,2021-01-11
299,0.129,75.6,528.9,0.94,0.1,2021-01-12
300,0.125,74.4,520.9,0.92,0.1,2021-01-13
301,0.121,72.5,507.5,0.91,0.1,2021-01-14
302,0.118,69.9,489.1,0.9,0.1,2021-01-15
303,0.116,67.7,474.1,0.89,0.1,2021-01-16
304,0.114,66.1,462.6,0.88,0.1,2021-01-17
305,0.112,62.4,436.9,0.88,0.1,2021-01-18
306,0.11,60.6,424.0,0.87,0.1,2021-01-19
307,0.107,58.7,410.8,0.87,0.1,2021-01-20
308,0.105,56.7,397.1,0.86,0.1,2021-01-21
309,0.102,54.6,382.5,0.86,0.1,2021-01-22
310,0.1,53.2,372.2,0.86,0.1,2021-01-23
311,0.099,51.4,360.0,0.86,0.1,2021-01-24
312,0.098,52.1,364.6,0.85,0.1,2021-01-25
313,0.095,50.5,353.6,0.85,0.1,2021-01-26
314,0.093,49.2,344.7,0.85,0.1,2021-01-27
315,0.091,48.2,337.3,0.85,0.1,2021-01-28
316,0.089,47.0,329.2,0.84,0.1,2021-01-29
317,0.087,45.6,318.9,0.84,0.1,2021-01-30
318,0.086,44.9,314.2,0.84,0.1,2021-01-31
319,0.082,42.7,299.0,0.83,0.1,2021-02-02
320,0.08,40.4,282.7,0.83,0.1,2021-02-03
321,0.077,38.4,268.5,0.83,0.1,2021-02-04
322,0.075,36.6,256.1,0.82,0.1,2021-02-05
323,0.074,35.1,245.9,0.82,0.1,2021-02-06
324,0.073,33.8,236.5,0.82,0.1,2021-02-07
325,0.071,33.0,230.8,0.82,0.1,2021-02-08
326,0.069,32.2,225.1,0.83,0.1,2021-02-09
327,0.067,31.5,220.7,0.83,0.1,2021-02-10
328,0.066,30.7,214.7,0.83,0.1,2021-02-11
329,0.065,29.4,205.7,0.84,0.1,2021-02-12
330,0.064,28.5,199.5,0.85,0.1,2021-02-13
331,0.062,27.5,192.4,0.85,0.1,2021-02-14
332,0.061,25.9,181.1,0.86,0.1,2021-02-15
333,0.06,24.5,171.5,0.87,0.1,2021-02-16
334,0.059,23.4,163.8,0.88,0.1,2021-02-17
335,0.057,21.9,153.6,0.88,0.1,2021-02-18
336,0.055,21.0,147.0,0.89,0.1,2021-02-19
337,0.053,20.4,142.5,0.9,0.1,2021-02-20
338,0.053,20.0,139.9,0.91,0.1,2021-02-21
339,0.053,20.2,141.2,0.91,0.1,2021-02-22
340,0.051,20.5,143.4,0.92,0.1,2021-02-23
341,0.05,20.7,144.9,0.92,0.1,2021-02-24
342,0.049,21.0,146.7,0.92,0.1,2021-02-25
343,0.049,21.0,146.8,0.93,0.1,2021-02-26
344,0.048,20.7,144.7,0.93,0.1,2021-02-27
345,0.047,20.3,142.4,0.93,0.1,2021-02-28
346,0.046,20.2,141.2,0.93,0.1,2021-03-01
347,0.045,19.6,136.9,0.93,0.1,2021-03-02
348,0.044,19.1,133.8,0.94,0.1,2021-03-03
349,0.043,18.7,130.6,0.94,0.1,2021-03-04
350,0.042,18.1,126.8,0.94,0.1,2021-03-05
351,0.042,17.8,124.9,0.94,0.1,2021-03-06
352,0.042,17.5,122.6,0.95,0.1,2021-03-07
353,0.042,17.2,120.5,0.95,0.1,2021-03-08
354,0.041,17.1,119.4,0.95,0.1,2021-03-09
355,0.041,16.8,117.7,0.96,0.1,2021-03-10
356,0.041,16.6,116.0,0.97,0.1,2021-03-11
357,0.042,16.5,115.6,0.97,0.1,2021-03-12
358,0.042,16.2,113.4,0.98,0.1,2021-03-13
359,0.042,16.1,112.8,0.99,0.1,2021-03-14
360,0.042,16.3,114.1,1.0,0.1,2021-03-15
361,0.043,16.3,114.1,1.0,0.1,2021-03-16
362,0.043,16.3,114.3,1.01,0.1,2021-03-17
363,0.043,16.3,114.0,1.02,0.1,2021-03-18
364,0.044,16.1,112.9,1.03,0.1,2021-03-19
365,0.044,16.3,114.4,1.03,0.1,2021-03-20
366,0.044,16.2,113.2,1.04,0.1,2021-03-21
367,0.044,16.3,113.9,1.04,0.1,2021-03-22
368,0.045,16.4,114.7,1.05,0.1,2021-03-23
369,0.048,16.6,116.0,1.06,0.1,2021-03-26
370,0.049,16.9,118.6,1.06,0.1,2021-03-27
371,0.05,17.6,123.0,1.06,0.1,2021-03-28
372,0.05,18.5,129.7,1.06,0.1,2021-03-29
373,0.052,18.9,132.0,1.05,0.1,2021-03-30
374,0.053,19.1,133.9,1.05,0.1,2021-03-31
375,0.053,19.7,138.1,1.05,0.1,2021-04-01
376,0.053,19.5,136.3,1.04,0.1,2021-04-02
377,0.054,19.6,137.4,1.04,0.1,2021-04-03
378,0.054,19.3,135.0,1.03,0.1,2021-04-04
379,0.054,19.5,136.7,1.02,0.1,2021-04-06
380,0.07,19.7,137.7,1.02,0.1,2021-04-07
381,0.07,19.8,138.7,1.01,0.1,2021-04-08
382,0.07,20.3,142.2,1.0,0.1,2021-04-09
383,0.07,20.3,142.2,0.99,0.1,2021-04-10
384,0.07,20.8,145.6,0.99,0.1,2021-04-11
385,0.069,20.6,144.2,0.98,0.1,2021-04-12
386,0.069,21.2,148.4,0.97,0.1,2021-04-13
387,0.054,21.4,149.7,0.96,0.1,2021-04-14
388,0.054,21.1,147.7,0.95,0.1,2021-04-15
389,0.054,21.0,147.1,0.95,0.1,2021-04-16
390,0.053,20.7,145.2,0.94,0.1,2021-04-17
391,0.052,20.5,143.2,0.93,0.1,2021-04-18
392,0.052,20.2,141.2,0.92,0.1,2021-04-19
393,0.051,19.5,136.2,0.92,0.1,2021-04-20
394,0.05,18.9,132.2,0.91,0.1,2021-04-21
395,0.049,18.6,130.0,0.9,0.1,2021-04-22
396,0.048,17.9,125.6,0.9,0.1,2021-04-23
397,0.046,17.6,123.4,0.89,0.1,2021-04-25
398,0.046,17.2,120.4,0.89,0.1,2021-04-26
399,0.045,16.8,117.6,0.88,0.1,2021-04-27
400,0.044,16.4,114.9,0.88,0.1,2021-04-28
401,0.044,16.0,111.9,0.88,0.1,2021-04-29
402,0.043,15.7,110.0,0.87,0.1,2021-04-30
403,0.043,15.4,107.8,0.87,0.1,2021-05-01
404,0.042,15.2,106.6,0.86,0.1,2021-05-02
405,0.042,15.0,104.7,0.86,0.1,2021-05-03
406,0.041,14.5,101.4,0.86,0.1,2021-05-04
407,0.04,13.9,97.6,0.85,0.1,2021-05-05
408,0.039,13.5,94.6,0.85,0.1,2021-05-06
409,0.038,13.0,91.3,0.85,0.1,2021-05-07
410,0.037,12.6,87.9,0.84,0.1,2021-05-08
411,0.036,12.2,85.7,0.84,0.1,2021-05-09
412,0.035,11.7,81.7,0.84,0.1,2021-05-10
413,0.035,11.4,79.6,0.84,0.1,2021-05-11
414,0.034,11.1,77.6,0.83,0.1,2021-05-12
415,0.033,10.6,74.4,0.83,0.1,2021-05-13
416,0.032,10.1,71.0,0.83,0.1,2021-05-14
417,0.031,9.8,68.6,0.83,0.1,2021-05-15
418,0.031,9.6,66.9,0.83,0.1,2021-05-16
419,0.03,9.2,64.7,0.82,0.1,2021-05-17
420,0.03,8.9,62.6,0.82,0.1,2021-05-18
421,0.029,8.6,60.4,0.82,0.1,2021-05-19
422,0.029,8.3,58.0,0.81,0.1,2021-05-20
423,0.028,8.0,55.7,0.81,0.1,2021-05-21
424,0.027,7.6,53.3,0.81,0.1,2021-05-22
425,0.027,7.5,52.7,0.81,0.1,2021-05-23
426,0.027,7.4,51.6,0.8,0.1,2021-05-24
427,0.026,7.2,50.2,0.8,0.1,2021-05-25
428,0.025,7.0,48.8,0.8,0.1,2021-05-26
429,0.024,6.3,44.2,0.81,0.1,2021-05-28
430,0.024,6.0,41.9,0.81,0.1,2021-05-29
431,0.023,5.6,39.5,0.81,0.1,2021-05-30
432,0.023,4.6,32.5,0.82,0.1,2021-05-31
433,0.023,4.6,32.4,0.83,0.1,2021-06-01
434,0.022,4.3,30.1,0.83,0.1,2021-06-02
435,0.021,4.5,31.3,0.84,0.1,2021-06-03
436,0.02,4.1,28.5,0.86,0.1,2021-06-05
437,0.019,4.0,28.0,0.87,0.1,2021-06-06
438,0.019,4.7,32.9,0.88,0.1,2021-06-07
439,0.018,3.8,26.8,0.92,0.1,2021-06-11
440,0.018,3.7,25.7,0.92,0.1,2021-06-12
441,0.018,3.7,26.0,0.93,0.1,2021-06-13
442,0.017,3.4,23.8,0.94,0.1,2021-06-14
443,0.017,3.4,23.9,0.95,0.1,2021-06-15
444,0.017,3.6,25.0,0.96,0.1,2021-06-16
445,0.017,3.6,25.1,0.96,0.1,2021-06-17
446,0.018,3.5,24.4,0.97,0.1,2021-06-18
447,0.018,3.4,24.0,0.98,0.1,2021-06-19
448,0.018,3.3,23.2,0.98,0.1,2021-06-20
449,0.018,3.3,23.4,0.99,0.1,2021-06-21
450,0.019,3.4,23.8,0.99,0.1,2021-06-22
451,0.019,3.4,23.7,1.0,0.1,2021-06-23
452,0.019,3.5,24.5,1.01,0.1,2021-06-24
453,0.02,3.6,25.1,1.03,0.1,2021-06-25
454,0.02,3.6,25.0,1.04,0.1,2021-06-26
455,0.021,3.6,25.0,1.06,0.1,2021-06-27
456,0.021,3.6,25.0,1.08,0.1,2021-06-28
457,0.022,3.7,25.9,1.1,0.1,2021-06-29
458,0.027,3.0,20.8,1.22,0.1,2021-07-03
459,0.028,2.9,20.1,1.25,0.1,2021-07-04
460,0.029,2.1,14.4,1.28,0.1,2021-07-05
461,0.031,2.9,20.3,1.31,0.1,2021-07-06
462,0.033,4.1,29.0,1.33,0.1,2021-07-07
463,0.041,5.1,35.5,1.38,0.1,2021-07-11
464,0.045,7.9,55.3,1.38,0.1,2021-07-13
465,0.049,8.7,60.9,1.38,0.1,2021-07-14
466,0.051,9.2,64.7,1.37,0.1,2021-07-15
467,0.054,10.5,73.8,1.36,0.1,2021-07-16
468,0.056,9.4,65.9,1.35,0.1,2021-07-17
469,0.059,9.6,67.1,1.34,0.1,2021-07-18
470,0.061,10.8,75.4,1.32,0.1,2021-07-19
471,0.065,11.6,81.1,1.31,0.1,2021-07-20
472,0.068,12.5,87.8,1.3,0.1,2021-07-21
473,0.071,13.8,96.6,1.29,0.1,2021-07-22
474,0.074,15.1,105.9,1.28,0.1,2021-07-23
475,0.077,15.5,108.6,1.27,0.1,2021-07-24
476,0.079,15.7,110.1,1.26,0.1,2021-07-25
477,0.083,17.2,120.3,1.25,0.1,2021-07-26
478,0.087,19.1,133.8,1.24,0.1,2021-07-27
479,0.09,20.2,141.3,1.24,0.1,2021-07-28
480,0.093,21.6,151.2,1.23,0.1,2021-07-29
481,0.096,23.3,163.2,1.22,0.1,2021-07-30
482,0.098,23.7,165.7,1.21,0.1,2021-07-31
483,0.1,24.1,168.4,1.21,0.1,2021-08-01
484,0.101,25.9,181.4,1.2,0.1,2021-08-02
485,0.102,27.6,193.0,1.19,0.1,2021-08-03
486,0.103,28.7,201.2,1.18,0.1,2021-08-04
487,0.104,30.0,209.8,1.18,0.1,2021-08-05
488,0.103,29.4,206.0,1.16,0.1,2021-08-07
489,0.104,30.1,210.7,1.15,0.1,2021-08-08
490,0.104,32.2,225.6,1.14,0.1,2021-08-09
491,0.105,33.1,231.5,1.13,0.1,2021-08-10
492,0.105,35.2,246.7,1.13,0.1,2021-08-11
493,0.106,35.8,250.9,1.12,0.1,2021-08-12
494,0.105,38.8,271.5,1.11,0.1,2021-08-13
495,0.105,39.1,273.9,1.1,0.1,2021-08-14
496,0.105,39.5,276.2,1.1,0.1,2021-08-15
497,0.105,42.9,300.5,1.09,0.1,2021-08-16
498,0.105,42.2,295.2,1.08,0.1,2021-08-17
499,0.104,42.6,298.0,1.07,0.1,2021-08-18
500,0.103,43.5,304.4,1.07,0.1,2021-08-19
501,0.104,42.8,299.6,1.06,0.1,2021-08-21
502,0.103,43.0,300.7,1.05,0.1,2021-08-23
503,0.102,43.2,302.7,1.04,0.1,2021-08-24
504,0.101,43.6,304.9,1.03,0.1,2021-08-25
505,0.101,45.0,314.7,1.03,0.1,2021-08-26
506,0.099,47.0,328.8,1.02,0.1,2021-08-27
507,0.098,47.2,330.6,1.02,0.1,2021-08-28
508,0.098,47.3,331.1,1.01,0.1,2021-08-29
509,0.098,47.9,335.3,1.01,0.1,2021-08-30
510,0.097,48.3,338.3,1.0,0.1,2021-08-31
511,0.095,50.1,350.4,1.0,0.1,2021-09-01
512,0.094,49.5,346.7,1.0,0.1,2021-09-02
513,0.093,49.3,345.4,0.99,0.1,2021-09-03
514,0.093,48.5,339.6,0.99,0.1,2021-09-04
515,0.093,48.6,340.3,0.98,0.1,2021-09-05
516,0.092,39.9,279.0,0.98,0.1,2021-09-06
517,0.093,45.9,321.5,0.97,0.1,2021-09-07
518,0.092,44.8,313.3,0.97,0.1,2021-09-08
519,0.09,44.6,311.9,0.97,0.1,2021-09-09
520,0.089,43.9,307.2,0.96,0.1,2021-09-10
521,0.087,44.2,309.6,0.96,0.1,2021-09-11
522,0.086,44.0,308.1,0.95,0.1,2021-09-12
523,0.085,53.0,370.8,0.94,0.1,2021-09-13
524,0.083,46.6,326.0,0.94,0.1,2021-09-14
525,0.081,46.0,321.9,0.93,0.1,2021-09-15
526,0.08,45.3,317.2,0.93,0.1,2021-09-16
527,0.079,44.9,314.3,0.92,0.1,2021-09-17
528,0.078,44.7,312.6,0.92,0.1,2021-09-18
529,0.077,44.7,312.7,0.91,0.1,2021-09-19
530,0.076,41.4,289.5,0.91,0.1,2021-09-20
531,0.074,40.4,282.7,0.91,0.1,2021-09-21
532,0.072,39.4,275.8,0.91,0.1,2021-09-22
533,0.071,38.2,267.6,0.91,0.1,2021-09-23
534,0.069,37.1,259.6,0.9,0.1,2021-09-24
535,0.063,36.4,254.6,0.9,0.1,2021-09-25
536,0.062,36.1,252.9,0.9,0.1,2021-09-26
537,0.062,35.5,248.8,0.9,0.1,2021-09-27
538,0.061,34.8,243.9,0.91,0.1,2021-09-28
539,0.061,34.0,238.2,0.91,0.1,2021-09-29
540,0.061,33.5,234.6,0.91,0.1,2021-09-30
541,0.06,32.9,230.3,0.91,0.1,2021-10-01
542,0.063,32.6,228.0,0.91,0.1,2021-10-02
543,0.063,32.2,225.5,0.91,0.1,2021-10-03
544,0.062,31.3,218.9,0.91,0.1,2021-10-04
545,0.061,30.6,214.4,0.91,0.1,2021-10-05
546,0.06,30.1,210.7,0.91,0.1,2021-10-06
547,0.059,29.6,207.5,0.91,0.1,2021-10-07
548,0.058,29.1,203.6,0.91,0.1,2021-10-08
549,0.058,28.8,201.6,0.91,0.1,2021-10-09
550,0.058,28.7,200.7,0.91,0.1,2021-10-10
551,0.057,26.6,186.0,0.91,0.1,2021-10-11
552,0.057,27.1,189.8,0.92,0.1,2021-10-12
553,0.056,26.7,186.9,0.92,0.1,2021-10-13
554,0.055,26.0,182.0,0.92,0.1,2021-10-14
555,0.054,25.4,177.7,0.92,0.1,2021-10-15
556,0.053,25.2,176.5,0.93,0.1,2021-10-16
557,0.053,25.2,176.3,0.93,0.1,2021-10-17
558,0.052,25.1,175.7,0.93,0.1,2021-10-18
559,0.05,23.9,167.3,0.94,0.1,2021-10-19
560,0.05,23.1,161.4,0.95,0.1,2021-10-20
561,0.05,22.7,159.2,0.95,0.1,2021-10-21
562,0.05,22.3,155.8,0.96,0.1,2021-10-22
563,0.05,22.1,154.7,0.96,0.1,2021-10-23
564,0.05,21.9,153.2,0.97,0.1,2021-10-24
565,0.049,21.2,148.2,0.98,0.1,2021-10-25
566,0.05,21.3,149.3,0.98,0.1,2021-10-26
567,0.049,21.4,149.5,0.99,0.1,2021-10-27
568,0.049,21.4,150.1,1.0,0.1,2021-10-28
569,0.049,21.4,149.8,1.01,0.1,2021-10-29
570,0.049,21.4,149.7,1.01,0.1,2021-10-30
571,0.049,21.5,150.2,1.02,0.1,2021-10-31
572,0.05,22.2,155.3,1.02,0.1,2021-11-01
573,0.05,21.7,152.1,1.03,0.1,2021-11-02
574,0.05,21.6,151.4,1.04,0.1,2021-11-03
575,0.051,21.6,151.1,1.04,0.1,2021-11-04
576,0.052,21.8,152.8,1.05,0.1,2021-11-05
577,0.053,21.9,153.5,1.05,0.1,2021-11-06
578,0.053,22.1,154.5,1.05,0.1,2021-11-07
579,0.053,22.2,155.7,1.05,0.1,2021-11-08
580,0.053,22.6,157.9,1.05,0.1,2021-11-09
581,0.055,23.1,162.0,1.06,0.1,2021-11-10
582,0.056,22.3,156.4,1.06,0.1,2021-11-11
583,0.057,24.0,167.7,1.06,0.1,2021-11-12
584,0.058,24.3,170.2,1.05,0.1,2021-11-13
585,0.058,24.4,170.7,1.05,0.1,2021-11-14
586,0.059,25.3,177.4,1.05,0.1,2021-11-15
587,0.06,25.6,179.4,1.05,0.1,2021-11-16
588,0.06,26.3,184.3,1.05,0.1,2021-11-17
589,0.06,27.9,195.2,1.05,0.1,2021-11-18
590,0.061,27.5,192.3,1.06,0.1,2021-11-19
591,0.061,27.5,192.4,1.06,0.1,2021-11-20
592,0.062,27.8,194.6,1.06,0.1,2021-11-21
593,0.063,28.2,197.7,1.07,0.1,2021-11-22
594,0.064,28.3,198.4,1.07,0.1,2021-11-23
595,0.066,28.6,200.1,1.08,0.1,2021-11-24
596,0.069,25.6,179.0,1.08,0.1,2021-11-25
597,0.072,22.6,158.5,1.09,0.1,2021-11-26
598,0.075,22.0,153.7,1.09,0.1,2021-11-27
599,0.076,26.9,188.6,1.09,0.1,2021-11-29
600,0.077,27.8,194.4,1.09,0.1,2021-11-30
601,0.078,28.8,201.3,1.09,0.1,2021-12-01
602,0.076,34.2,239.2,1.09,0.1,2021-12-02
603,0.074,39.3,275.0,1.08,0.1,2021-12-03
604,0.073,41.0,286.8,1.08,0.1,2021-12-04
605,0.074,36.6,256.4,1.08,0.1,2021-12-05
606,0.074,35.8,250.8,1.08,0.1,2021-12-06
607,0.072,36.0,252.3,1.08,0.1,2021-12-07
608,0.071,36.5,255.3,1.09,0.1,2021-12-08
609,0.071,35.8,250.9,1.1,0.1,2021-12-09
610,0.072,33.8,236.5,1.13,0.1,2021-12-11
611,0.071,33.9,237.1,1.14,0.1,2021-12-12
612,0.073,34.1,239.0,1.16,0.1,2021-12-13
613,0.075,34.3,240.2,1.18,0.1,2021-12-14
614,0.079,34.1,238.8,1.2,0.1,2021-12-15
615,0.084,35.3,246.9,1.23,0.1,2021-12-16
616,0.085,37.6,263.4,1.25,0.1,2021-12-17
617,0.09,38.6,270.4,1.27,0.1,2021-12-18
618,0.093,40.2,281.2,1.29,0.1,2021-12-19
619,0.1,43.2,302.6,1.31,0.1,2021-12-20
620,0.111,46.1,322.6,1.33,0.1,2021-12-21
621,0.124,50.1,350.9,1.34,0.1,2021-12-22
622,0.136,55.2,386.7,1.35,0.1,2021-12-23
623,0.149,56.1,392.9,1.36,0.1,2021-12-24
624,0.158,55.8,390.4,1.37,0.1,2021-12-25
625,0.166,60.1,420.7,1.37,0.1,2021-12-26
626,0.182,71.7,501.8,1.37,0.1,2021-12-27
627,0.204,80.2,561.2,1.37,0.1,2021-12-28
628,0.227,90.9,636.4,1.36,0.1,2021-12-29
629,0.248,104.7,732.7,1.36,0.1,2021-12-30
630,0.263,115.6,809.4,1.34,0.1,2021-12-31
631,0.27,119.7,837.9,1.33,0.1,2022-01-01
632,0.276,124.6,872.2,1.31,0.1,2022-01-02
633,0.289,143.5,1004.2,1.27,0.1,2022-01-04
634,0.292,154.2,1079.7,1.24,0.1,2022-01-05
635,0.294,163.0,1140.9,1.22,0.1,2022-01-06
636,0.294,185.6,1299.0,1.19,0.1,2022-01-07
637,0.293,199.9,1399.4,1.16,0.1,2022-01-08
638,0.292,201.3,1409.2,1.13,0.1,2022-01-09
639,0.292,234.3,1640.3,1.1,0.1,2022-01-10
640,0.29,229.3,1605.3,1.08,0.1,2022-01-11
641,0.286,237.0,1658.9,1.05,0.1,2022-01-12
642,0.282,241.6,1691.4,1.02,0.1,2022-01-13
643,0.278,241.4,1690.1,1.0,0.1,2022-01-14
644,0.275,240.4,1683.1,0.97,0.1,2022-01-15
645,0.275,241.4,1690.1,0.95,0.1,2022-01-16
646,0.274,206.7,1447.2,0.92,0.1,2022-01-17
647,0.271,224.3,1570.4,0.9,0.1,2022-01-18
648,0.267,223.0,1561.2,0.88,0.1,2022-01-19
649,0.263,217.9,1525.3,0.86,0.1,2022-01-20
650,0.26,215.1,1505.4,0.84,0.1,2022-01-21
651,0.257,211.4,1479.5,0.82,0.1,2022-01-22
652,0.255,205.4,1438.0,0.8,0.1,2022-01-23
653,0.249,220.6,1544.5,0.78,0.1,2022-01-24
654,0.242,191.9,1343.3,0.76,0.1,2022-01-25
655,0.234,182.0,1274.3,0.74,0.1,2022-01-26
656,0.224,172.6,1208.5,0.73,0.1,2022-01-27
657,0.215,161.0,1127.0,0.71,0.1,2022-01-28
658,0.208,157.1,1099.6,0.7,0.1,2022-01-29
659,0.203,152.9,1070.6,0.68,0.1,2022-01-30
660,0.195,139.1,974.0,0.67,0.1,2022-01-31
661,0.183,129.9,909.3,0.66,0.1,2022-02-01
662,0.171,117.0,819.3,0.65,0.1,2022-02-02
663,0.162,107.7,753.7,0.64,0.1,2022-02-03
664,0.152,97.2,680.7,0.63,0.1,2022-02-04
665,0.145,91.9,643.6,0.63,0.1,2022-02-05
666,0.14,89.9,629.4,0.62,0.1,2022-02-06
667,0.132,76.4,534.7,0.62,0.1,2022-02-07
668,0.123,72.2,505.1,0.62,0.1,2022-02-08
669,0.114,68.0,475.7,0.62,0.1,2022-02-09
670,0.106,62.0,433.9,0.62,0.1,2022-02-10
671,0.099,55.7,390.1,0.62,0.1,2022-02-11
672,0.094,53.2,372.1,0.63,0.1,2022-02-12
673,0.09,52.2,365.3,0.63,0.1,2022-02-13
674,0.084,46.1,322.6,0.64,0.1,2022-02-14
675,0.078,42.1,294.4,0.64,0.1,2022-02-15
676,0.07,34.0,238.3,0.66,0.1,2022-02-17
677,0.065,31.4,219.7,0.66,0.1,2022-02-18
678,0.061,30.4,212.8,0.67,0.1,2022-02-19
679,0.058,29.9,209.0,0.68,0.1,2022-02-20
680,0.056,23.3,163.4,0.68,0.1,2022-02-21
681,0.053,24.1,168.9,0.69,0.1,2022-02-22
682,0.051,22.8,159.7,0.7,0.1,2022-02-23
683,0.048,21.6,151.4,0.7,0.1,2022-02-24
684,0.043,20.6,144.5,0.72,0.1,2022-02-27
685,0.04,22.5,157.4,0.73,0.1,2022-02-28
686,0.068,17.4,121.8,0.73,0.1,2022-03-01
687,0.067,15.9,111.3,0.74,0.1,2022-03-02
688,0.067,14.6,102.2,0.75,0.1,2022-03-03
689,0.066,14.7,102.6,0.76,0.1,2022-03-04
690,0.066,13.3,92.9,0.77,0.1,2022-03-05
691,0.066,13.2,92.2,0.79,0.1,2022-03-06
692,0.065,12.1,84.6,0.8,0.1,2022-03-07
693,0.027,11.8,82.8,0.81,0.1,2022-03-08
694,0.025,11.3,79.2,0.82,0.1,2022-03-09
695,0.025,10.7,75.1,0.84,0.1,2022-03-10
696,0.024,10.5,73.5,0.85,0.1,2022-03-11
697,0.023,10.3,71.8,0.86,0.1,2022-03-12
698,0.022,10.2,71.7,0.87,0.1,2022-03-13
699,0.022,9.4,65.9,0.89,0.1,2022-03-14
700,0.022,9.1,63.8,0.9,0.1,2022-03-15
701,0.021,8.8,61.7,0.91,0.1,2022-03-16
702,0.021,8.7,61.2,0.92,0.1,2022-03-17
703,0.021,8.4,58.8,0.93,0.1,2022-03-18
704,0.021,8.5,59.2,0.94,0.1,2022-03-19
705,0.021,8.5,59.6,0.94,0.1,2022-03-20
706,0.022,8.5,59.2,0.95,0.1,2022-03-21
707,0.022,8.5,59.2,0.95,0.1,2022-03-22
708,0.023,8.8,61.4,0.96,0.1,2022-03-23
709,0.023,8.8,61.9,0.97,0.1,2022-03-24
710,0.023,8.7,61.2,0.98,0.1,2022-03-25
711,0.023,8.7,61.1,0.98,0.1,2022-03-26
712,0.024,8.7,60.8,0.99,0.1,2022-03-27
713,0.024,8.6,60.2,1.0,0.1,2022-03-28
714,0.025,8.6,60.2,1.01,0.1,2022-03-29
715,0.026,7.6,52.9,1.03,0.1,2022-03-31
716,0.027,7.5,52.5,1.04,0.1,2022-04-01
717,0.027,7.5,52.2,1.05,0.1,2022-04-02
718,0.028,7.4,51.6,1.06,0.1,2022-04-03
719,0.029,7.4,51.7,1.07,0.1,2022-04-04
720,0.03,7.6,53.5,1.08,0.1,2022-04-05
721,0.031,8.4,58.6,1.1,0.1,2022-04-06
722,0.033,8.4,58.8,1.11,0.1,2022-04-07
723,0.034,8.9,62.2,1.12,0.1,2022-04-08
724,0.035,9.0,62.8,1.13,0.1,2022-04-09
725,0.036,9.1,63.8,1.13,0.1,2022-04-10
726,0.038,9.5,66.6,1.14,0.1,2022-04-11
727,0.04,9.4,66.1,1.14,0.1,2022-04-12
728,0.043,9.9,69.6,1.15,0.1,2022-04-13
729,0.046,10.9,76.2,1.15,0.1,2022-04-14
730,0.048,11.0,77.3,1.16,0.1,2022-04-15
731,0.051,10.9,76.5,1.16,0.1,2022-04-16
732,0.052,11.1,77.4,1.16,0.1,2022-04-17
733,0.053,11.5,80.5,1.16,0.1,2022-04-18
734,0.054,12.4,86.9,1.16,0.1,2022-04-19
735,0.054,12.8,89.6,1.16,0.1,2022-04-20
736,0.055,12.9,90.2,1.16,0.1,2022-04-21
737,0.055,13.8,96.3,1.16,0.1,2022-04-22
738,0.055,14.1,98.7,1.16,0.1,2022-04-23
739,0.056,14.2,99.1,1.16,0.1,2022-04-24
740,0.058,14.9,104.3,1.16,0.1,2022-04-25
741,0.06,15.1,105.7,1.16,0.1,2022-04-26
742,0.062,16.0,112.2,1.16,0.1,2022-04-27
743,0.065,16.6,116.5,1.16,0.1,2022-04-28
744,0.066,17.2,120.7,1.16,0.1,2022-04-29
745,0.068,17.4,121.7,1.16,0.1,2022-04-30
746,0.069,17.5,122.6,1.16,0.1,2022-05-01
747,0.071,18.4,128.9,1.16,0.1,2022-05-02
748,0.074,19.0,133.3,1.16,0.1,2022-05-03
749,0.077,19.9,139.2,1.16,0.1,2022-05-04
750,0.079,20.4,143.0,1.16,0.1,2022-05-05
751,0.081,21.0,147.0,1.16,0.1,2022-05-06
752,0.083,21.3,149.4,1.15,0.1,2022-05-07
753,0.085,21.2,148.3,1.15,0.1,2022-05-08
754,0.087,21.9,153.4,1.14,0.1,2022-05-09
755,0.089,23.0,160.7,1.14,0.1,2022-05-10
756,0.092,25.4,178.1,1.13,0.1,2022-05-11
757,0.095,26.4,184.8,1.13,0.1,2022-05-12
758,0.097,27.2,190.5,1.12,0.1,2022-05-13
759,0.099,27.0,189.0,1.11,0.1,2022-05-14
760,0.1,27.3,191.3,1.1,0.1,2022-05-15
761,0.102,28.9,202.5,1.09,0.1,2022-05-16
762,0.105,30.7,214.6,1.07,0.1,2022-05-17
763,0.106,31.0,216.9,1.06,0.1,2022-05-18
764,0.108,31.5,220.8,1.06,0.1,2022-05-19
765,0.109,32.6,228.5,1.05,0.1,2022-05-20
766,0.109,33.2,232.2,1.04,0.1,2022-05-21
767,0.11,33.3,233.0,1.03,0.1,2022-05-22
768,0.11,32.6,227.9,1.02,0.1,2022-05-23
769,0.11,32.5,227.3,1.02,0.1,2022-05-24
770,0.11,33.3,232.8,1.01,0.1,2022-05-25
771,0.111,33.0,231.2,1.01,0.1,2022-05-26
772,0.112,33.0,230.9,1.01,0.1,2022-05-27
773,0.113,32.0,223.8,1.01,0.1,2022-05-28
774,0.113,31.4,219.9,1.01,0.1,2022-05-29
775,0.113,27.1,189.6,1.01,0.1,2022-05-30
776,0.118,29.2,204.7,1.01,0.1,2022-05-31
777,0.119,30.6,214.2,1.01,0.1,2022-06-01
778,0.121,30.4,212.9,1.0,0.1,2022-06-02
779,0.121,30.6,213.9,1.0,0.1,2022-06-03
780,0.121,31.8,222.9,1.0,0.1,2022-06-04
781,0.122,32.2,225.1,1.0,0.1,2022-06-05
782,0.121,36.7,256.7,0.99,0.1,2022-06-06
783,0.119,35.0,244.8,0.99,0.1,2022-06-07
784,0.119,33.2,232.7,0.99,0.1,2022-06-08
785,0.119,33.1,231.8,0.99,0.1,2022-06-09
786,0.121,32.8,229.9,0.99,0.1,2022-06-10
787,0.123,32.5,227.4,0.99,0.1,2022-06-11
788,0.123,32.6,228.0,0.99,0.1,2022-06-12
789,0.124,32.1,224.5,0.99,0.1,2022-06-13
790,0.127,31.8,222.3,0.99,0.1,2022-06-14
791,0.132,31.5,220.2,0.99,0.1,2022-06-15
792,0.135,31.3,218.9,1.0,0.1,2022-06-16
793,0.136,30.4,213.0,1.0,0.1,2022-06-17
794,0.137,29.5,206.8,1.01,0.1,2022-06-18
795,0.137,29.4,205.7,1.01,0.1,2022-06-19
796,0.138,26.3,184.2,1.01,0.1,2022-06-20
797,0.143,29.5,206.6,1.01,0.1,2022-06-21
798,0.145,29.5,206.2,1.02,0.1,2022-06-22
799,0.147,29.6,207.5,1.02,0.1,2022-06-23
800,0.15,31.3,219.3,1.03,0.1,2022-06-24
801,0.152,32.7,229.2,1.03,0.1,2022-06-25
802,0.154,32.9,230.3,1.03,0.1,2022-06-26
803,0.155,36.3,253.8,1.03,0.1,2022-06-27
804,0.156,32.5,227.4,1.03,0.1,2022-06-28
805,0.159,33.6,235.0,1.03,0.1,2022-06-29
806,0.164,34.2,239.7,1.04,0.1,2022-06-30
807,0.166,34.0,237.8,1.04,0.1,2022-07-01
808,0.167,32.4,227.1,1.04,0.1,2022-07-02
809,0.169,32.0,223.7,1.04,0.1,2022-07-03
810,0.177,32.1,224.7,1.05,0.1,2022-07-06
811,0.178,31.9,223.4,1.05,0.1,2022-07-07
812,0.181,33.1,231.4,1.05,0.1,2022-07-08
813,0.182,33.7,236.1,1.05,0.1,2022-07-09
814,0.183,34.7,242.7,1.05,0.1,2022-07-10
815,0.184,37.1,260.0,1.04,0.1,2022-07-11
816,0.183,39.8,278.4,1.04,0.1,2022-07-12
817,0.183,37.7,263.6,1.03,0.1,2022-07-13
818,0.184,38.7,270.7,1.03,0.1,2022-07-14
819,0.183,38.7,271.2,1.03,0.1,2022-07-15
820,0.184,38.6,270.4,1.02,0.1,2022-07-16
821,0.184,38.6,270.3,1.01,0.1,2022-07-17
822,0.184,38.8,271.9,1.01,0.1,2022-07-18
823,0.184,37.8,264.8,1.0,0.1,2022-07-19
824,0.185,38.4,268.8,0.99,0.1,2022-07-20
825,0.186,38.6,270.1,0.99,0.1,2022-07-21
826,0.186,38.4,268.9,0.99,0.1,2022-07-22
827,0.186,38.5,269.8,0.98,0.1,2022-07-23
828,0.186,38.5,269.7,0.98,0.1,2022-07-24
829,0.186,38.4,269.0,0.97,0.1,2022-07-25
830,0.185,38.6,270.0,0.97,0.1,2022-07-26
831,0.185,38.3,268.4,0.97,0.1,2022-07-27
832,0.185,38.4,268.6,0.97,0.1,2022-07-28
833,0.183,37.2,260.6,0.96,0.1,2022-07-29
834,0.182,36.7,256.9,0.96,0.1,2022-07-30
835,0.182,36.2,253.7,0.96,0.1,2022-07-31
836,0.181,36.6,256.5,0.95,0.1,2022-08-01
837,0.179,34.2,239.6,0.95,0.1,2022-08-02
838,0.176,35.0,245.0,0.95,0.1,2022-08-03
839,0.175,35.7,249.7,0.95,0.1,2022-08-04
840,0.173,35.4,247.5,0.94,0.1,2022-08-05
841,0.171,35.3,247.1,0.94,0.1,2022-08-06
842,0.169,35.3,246.9,0.94,0.1,2022-08-07
843,0.168,33.9,237.4,0.93,0.1,2022-08-08
844,0.166,34.8,243.6,0.93,0.1,2022-08-09
845,0.164,33.0,230.9,0.93,0.1,2022-08-10
846,0.162,31.8,222.7,0.93,0.1,2022-08-11
847,0.16,31.4,219.7,0.93,0.1,2022-08-12
848,0.159,31.2,218.5,0.93,0.1,2022-08-13
849,0.158,31.2,218.7,0.93,0.1,2022-08-14
850,0.156,30.5,213.8,0.93,0.1,2022-08-15
851,0.153,30.2,211.4,0.93,0.1,2022-08-16
852,0.151,29.6,206.9,0.93,0.1,2022-08-17
853,0.15,29.1,203.5,0.93,0.1,2022-08-18
854,0.149,28.5,199.5,0.94,0.1,2022-08-19
855,0.148,28.6,199.9,0.94,0.1,2022-08-20
856,0.148,28.5,199.2,0.94,0.1,2022-08-21
857,0.148,28.1,196.6,0.93,0.1,2022-08-22
858,0.146,27.4,191.9,0.93,0.1,2022-08-23
859,0.144,27.1,190.0,0.93,0.1,2022-08-24
860,0.142,26.3,184.1,0.93,0.1,2022-08-25
861,0.141,26.0,182.3,0.93,0.1,2022-08-26
862,0.139,26.1,182.5,0.93,0.1,2022-08-27
863,0.138,26.1,182.6,0.92,0.1,2022-08-28
864,0.136,25.7,180.0,0.92,0.1,2022-08-29
865,0.135,25.9,181.6,0.92,0.1,2022-08-30
866,0.133,26.0,181.8,0.91,0.1,2022-08-31
867,0.131,26.0,181.8,0.91,0.1,2022-09-01
868,0.13,25.4,177.5,0.91,0.1,2022-09-02
869,0.129,25.3,177.1,0.91,0.1,2022-09-03
870,0.127,25.2,176.3,0.91,0.1,2022-09-04
871,0.125,21.1,148.0,0.91,0.1,2022-09-05
872,0.125,21.8,152.7,0.9,0.1,2022-09-06
873,0.122,21.4,149.6,0.9,0.1,2022-09-07
874,0.12,20.6,144.1,0.91,0.1,2022-09-08
875,0.117,20.0,139.8,0.91,0.1,2022-09-09
876,0.115,19.8,138.5,0.91,0.1,2022-09-10
877,0.114,20.0,140.2,0.91,0.1,2022-09-11
878,0.112,23.0,161.0,0.91,0.1,2022-09-12
879,0.108,20.2,141.7,0.91,0.1,2022-09-13
880,0.105,19.0,133.1,0.91,0.1,2022-09-14
881,0.102,19.2,134.3,0.91,0.1,2022-09-15
882,0.1,18.5,129.7,0.91,0.1,2022-09-16
883,0.099,18.7,130.8,0.91,0.1,2022-09-17
884,0.098,18.4,128.9,0.91,0.1,2022-09-18
885,0.097,17.6,122.9,0.91,0.1,2022-09-19
886,0.096,17.1,119.8,0.91,0.1,2022-09-20
887,0.094,16.8,117.4,0.91,0.1,2022-09-21
888,0.093,16.8,117.8,0.91,0.1,2022-09-22
889,0.092,16.2,113.6,0.91,0.1,2022-09-23
890,0.092,16.3,114.0,0.91,0.1,2022-09-24
891,0.091,16.3,114.3,0.91,0.1,2022-09-25
892,0.089,15.9,111.6,0.92,0.1,2022-09-26
893,0.088,15.5,108.7,0.92,0.1,2022-09-27
894,0.087,14.7,102.8,0.92,0.1,2022-09-28
895,0.086,14.3,100.2,0.93,0.1,2022-09-29
896,0.085,14.1,98.5,0.93,0.1,2022-09-30
897,0.084,14.0,98.0,0.93,0.1,2022-10-01
898,0.084,14.0,97.9,0.93,0.1,2022-10-02
899,0.083,13.5,94.7,0.93,0.1,2022-10-03
900,0.082,13.3,92.9,0.93,0.1,2022-10-04
901,0.081,13.0,90.8,0.94,0.1,2022-10-05
902,0.081,12.5,87.4,0.94,0.1,2022-10-06
903,0.081,12.3,86.0,0.94,0.1,2022-10-07
904,0.08,14.1,98.4,0.94,0.1,2022-10-09
905,0.08,12.9,90.1,0.94,0.1,2022-10-10
906,0.08,13.6,95.1,0.94,0.1,2022-10-11
907,0.08,13.2,92.6,0.94,0.1,2022-10-12
908,0.08,13.3,93.3,0.94,0.1,2022-10-13
909,0.08,13.1,91.4,0.94,0.1,2022-10-14
910,0.08,11.3,79.2,0.95,0.1,2022-10-15
911,0.08,11.3,79.2,0.95,0.1,2022-10-16
912,0.079,12.3,86.1,0.95,0.1,2022-10-17
913,0.079,11.4,79.5,0.96,0.1,2022-10-18
914,0.079,11.1,78.0,0.97,0.1,2022-10-19
915,0.078,10.5,73.6,0.97,0.1,2022-10-20
916,0.077,10.7,75.0,0.98,0.1,2022-10-21
917,0.077,10.7,74.9,0.99,0.1,2022-10-22
918,0.077,10.7,74.9,1.0,0.1,2022-10-23
919,0.078,10.4,72.7,1.0,0.1,2022-10-24
920,0.078,10.3,71.9,1.01,0.1,2022-10-25
921,0.078,10.8,75.7,1.01,0.1,2022-10-26
922,0.079,11.1,78.0,1.02,0.1,2022-10-27
923,0.08,11.3,79.3,1.02,0.1,2022-10-28
924,0.08,11.4,79.7,1.03,0.1,2022-10-29
925,0.08,11.2,78.7,1.03,0.1,2022-10-30
926,0.08,11.5,80.7,1.03,0.1,2022-10-31
927,0.08,11.5,80.2,1.02,0.1,2022-11-01
928,0.081,11.3,78.8,1.02,0.1,2022-11-02
929,0.081,11.7,81.6,1.02,0.1,2022-11-03
930,0.082,12.1,84.6,1.02,0.1,2022-11-04
931,0.082,12.1,84.6,1.02,0.1,2022-11-05
932,0.082,12.2,85.5,1.02,0.1,2022-11-06
933,0.082,11.9,83.3,1.02,0.1,2022-11-07
934,0.082,11.8,82.4,1.01,0.1,2022-11-08
935,0.082,12.5,87.7,1.01,0.1,2022-11-09
936,0.081,13.0,90.7,1.02,0.1,2022-11-10
937,0.081,11.4,79.5,1.02,0.1,2022-11-11
938,0.082,11.3,79.2,1.02,0.1,2022-11-12
939,0.082,11.1,77.7,1.02,0.1,2022-11-13
940,0.081,11.6,81.3,1.02,0.1,2022-11-14
941,0.082,12.1,84.9,1.02,0.1,2022-11-15
942,0.082,11.7,81.8,1.03,0.1,2022-11-16
943,0.083,11.5,80.4,1.03,0.1,2022-11-17
944,0.084,12.9,90.1,1.05,0.1,2022-11-19
945,0.085,12.9,90.6,1.06,0.1,2022-11-20
946,0.087,12.6,88.0,1.07,0.1,2022-11-21
947,0.09,12.8,89.5,1.07,0.1,2022-11-22
948,0.093,14.1,99.0,1.08,0.1,2022-11-23
949,0.096,11.8,82.5,1.09,0.1,2022-11-24
950,0.099,11.2,78.4,1.1,0.1,2022-11-25
951,0.102,11.1,77.7,1.11,0.1,2022-11-26
952,0.105,11.3,78.8,1.12,0.1,2022-11-27
953,0.108,11.9,83.1,1.12,0.1,2022-11-28
954,0.112,12.3,85.8,1.12,0.1,2022-11-29
955,0.114,12.3,86.1,1.12,0.1,2022-11-30
956,0.115,15.0,105.0,1.13,0.1,2022-12-01
957,0.116,17.1,119.4,1.13,0.1,2022-12-02
958,0.117,17.2,120.5,1.12,0.1,2022-12-03
959,0.118,17.1,119.8,1.12,0.1,2022-12-04
960,0.118,17.0,118.7,1.11,0.1,2022-12-05
961,0.119,17.1,119.4,1.1,0.1,2022-12-06
962,0.119,18.7,130.9,1.09,0.1,2022-12-07
963,0.12,20.5,143.6,1.09,0.1,2022-12-08
964,0.12,18.8,131.5,1.08,0.1,2022-12-09
965,0.121,18.8,131.6,1.07,0.1,2022-12-10
966,0.121,18.8,131.8,1.06,0.1,2022-12-11
967,0.122,18.8,131.9,1.05,0.1,2022-12-12
968,0.122,19.3,134.8,1.04,0.1,2022-12-13
969,0.123,19.5,136.3,1.04,0.1,2022-12-14
970,0.124,18.9,132.2,1.03,0.1,2022-12-15
971,0.125,20.6,144.5,1.03,0.1,2022-12-16
972,0.125,20.6,144.4,1.03,0.1,2022-12-17
973,0.126,20.7,144.6,1.02,0.1,2022-12-18
974,0.127,20.8,145.5,1.01,0.1,2022-12-19
975,0.129,20.7,145.0,1.01,0.1,2022-12-20
976,0.132,22.1,154.7,1.01,0.1,2022-12-21
977,0.134,23.0,161.3,1.0,0.1,2022-12-22
978,0.137,21.2,148.4,1.0,0.1,2022-12-23
979,0.138,21.2,148.4,1.0,0.1,2022-12-24
980,0.138,21.1,147.6,0.99,0.1,2022-12-25
981,0.14,19.0,133.1,0.98,0.1,2022-12-26
982,0.144,20.3,141.8,0.98,0.1,2022-12-27
983,0.148,17.5,122.5,0.97,0.1,2022-12-28
984,0.151,15.8,110.9,0.96,0.1,2022-12-29
985,0.142,33.1,231.4,0.91,0.1,2023-01-06
986,0.14,17.1,119.5,0.91,0.1,2023-01-07
987,0.138,12.0,84.0,0.91,0.1,2023-01-08
988,0.134,12.3,86.4,0.91,0.1,2023-01-09
989,0.128,12.5,87.6,0.9,0.1,2023-01-10
990,0.123,18.4,128.7,0.91,0.1,2023-01-11
991,0.119,19.9,139.6,0.91,0.1,2023-01-12
992,0.116,16.5,115.8,0.91,0.1,2023-01-13
993,0.114,16.6,115.9,0.92,0.1,2023-01-14
994,0.112,16.5,115.2,0.92,0.1,2023-01-15
995,0.111,14.9,104.3,0.91,0.1,2023-01-16
996,0.11,15.5,108.8,0.92,0.1,2023-01-17
997,0.108,15.0,104.8,0.92,0.1,2023-01-18
998,0.107,13.7,96.0,0.92,0.1,2023-01-19
999,0.105,14.4,100.6,0.93,0.1,2023-01-21
1000,0.105,14.4,101.1,0.93,0.1,2023-01-22
1001,0.104,15.6,109.5,0.93,0.1,2023-01-23
1002,0.103,14.3,100.1,0.94,0.1,2023-01-24
1003,0.102,12.7,88.9,0.94,0.1,2023-01-25
1004,0.101,13.2,92.7,0.95,0.1,2023-01-26
1005,0.102,12.0,83.7,0.96,0.1,2023-01-27
1006,0.101,12.0,83.7,0.96,0.1,2023-01-28
1007,0.101,11.9,83.5,0.96,0.1,2023-01-29
1008,0.1,11.8,82.9,0.97,0.1,2023-01-30
1009,0.1,11.8,82.9,0.97,0.1,2023-01-31
1010,0.1,11.7,81.8,0.97,0.1,2023-02-01
1011,0.099,11.2,78.4,0.97,0.1,2023-02-02
1012,0.098,13.4,93.6,0.97,0.1,2023-02-03
1013,0.098,13.4,93.8,0.97,0.1,2023-02-04
1014,0.097,13.3,93.3,0.97,0.1,2023-02-05
1015,0.097,13.1,91.5,0.97,0.1,2023-02-06
1016,0.096,13.1,91.6,0.96,0.1,2023-02-07
1017,0.096,13.2,92.4,0.96,0.1,2023-02-08
1018,0.096,13.3,92.8,0.96,0.1,2023-02-09
1019,0.096,11.1,77.7,0.96,0.1,2023-02-10
1020,0.096,11.1,77.4,0.96,0.1,2023-02-11
1021,0.096,11.1,77.5,0.96,0.1,2023-02-12
1022,0.095,11.1,77.4,0.95,0.1,2023-02-13
1023,0.095,10.9,76.1,0.95,0.1,2023-02-14
1024,0.094,10.5,73.3,0.95,0.1,2023-02-15
1025,0.092,10.5,73.8,0.96,0.1,2023-02-16
1026,0.092,11.9,83.4,0.96,0.1,2023-02-17
1027,0.092,12.0,84.0,0.96,0.1,2023-02-18
1028,0.091,12.0,84.0,0.96,0.1,2023-02-19
1029,0.091,11.3,79.1,0.96,0.1,2023-02-20
1030,0.09,11.4,79.6,0.96,0.1,2023-02-21
1031,0.089,11.3,78.9,0.96,0.1,2023-02-22
1032,0.088,11.0,77.1,0.96,0.1,2023-02-23
1033,0.086,9.5,66.6,0.96,0.1,2023-02-24
1034,0.085,9.4,65.8,0.95,0.1,2023-02-25
1035,0.084,9.4,65.6,0.95,0.1,2023-02-26
1036,0.083,9.8,68.6,0.94,0.1,2023-02-27
1037,0.081,9.8,68.3,0.93,0.1,2023-02-28
1038,0.08,9.2,64.5,0.91,0.1,2023-03-01
1039,0.078,9.1,63.8,0.9,0.1,2023-03-02
1040,0.077,11.6,81.4,0.89,0.1,2023-03-03
1041,0.076,11.6,81.4,0.88,0.1,2023-03-04
1042,0.075,11.6,81.2,0.86,0.1,2023-03-05
1043,0.073,11.5,80.2,0.85,0.1,2023-03-06
1044,0.072,11.3,78.8,0.83,0.1,2023-03-07
1045,0.071,10.2,71.4,0.82,0.1,2023-03-08
1046,0.07,9.9,69.4,0.81,0.1,2023-03-09
1047,0.07,7.4,51.5,0.81,0.1,2023-03-10
1048,0.069,7.4,51.5,0.81,0.1,2023-03-11
1049,0.069,7.3,51.3,0.8,0.1,2023-03-12
1050,0.069,7.3,50.8,0.81,0.1,2023-03-13
1051,0.068,7.1,49.7,0.81,0.1,2023-03-14
1052,0.066,5.0,35.3,0.84,0.1,2023-03-16
1053,0.066,5.5,38.4,0.86,0.1,2023-03-17
1054,0.066,5.5,38.2,0.88,0.1,2023-03-18
1055,0.065,5.5,38.4,0.9,0.1,2023-03-19
1056,0.065,5.3,37.2,0.92,0.1,2023-03-20
1057,0.066,5.2,36.6,0.94,0.1,2023-03-21
1058,0.066,6.7,47.0,0.96,0.1,2023-03-22
1059,0.067,5.4,37.8,0.99,0.1,2023-03-24
1060,0.066,6.6,46.1,1.01,0.1,2023-03-25
1061,0.066,7.8,54.4,1.02,0.1,2023-03-26
1062,0.066,8.5,59.7,1.02,0.1,2023-03-27
1063,0.066,8.9,62.0,1.02,0.1,2023-03-28
1064,0.065,7.5,52.5,1.02,0.1,2023-03-29
1065,0.064,7.2,50.7,1.02,0.1,2023-03-30
1066,0.064,7.0,48.8,1.01,0.1,2023-03-31
1067,0.064,6.7,47.0,1.01,0.1,2023-04-01
1068,0.063,6.5,45.2,1.0,0.1,2023-04-02
1069,0.063,6.2,43.4,0.98,0.1,2023-04-03
1070,0.062,5.9,41.5,0.97,0.1,2023-04-04
1071,0.062,5.7,39.7,0.96,0.1,2023-04-05
1072,0.062,5.5,38.8,0.95,0.1,2023-04-06
1073,0.062,5.4,37.8,0.95,0.1,2023-04-07
1074,0.061,5.3,36.9,0.94,0.1,2023-04-08
1075,0.061,5.1,35.9,0.94,0.1,2023-04-09
1076,0.06,5.0,35.0,0.93,0.1,2023-04-10
1077,0.061,4.9,34.1,0.92,0.1,2023-04-11
1078,0.06,4.7,33.1,0.92,0.1,2023-04-12
1079,0.06,4.7,33.0,0.93,0.1,2023-04-13
1080,0.059,4.7,32.9,0.93,0.1,2023-04-14
1081,0.059,4.7,32.7,0.93,0.1,2023-04-15
1082,0.058,4.7,32.6,0.93,0.1,2023-04-16
1083,0.057,4.6,32.5,0.93,0.1,2023-04-17
1084,0.056,4.6,32.4,0.93,0.1,2023-04-18
1085,0.054,4.6,32.2,0.93,0.1,2023-04-19
1086,0.053,4.5,31.8,0.93,0.1,2023-04-20
1087,0.052,4.5,31.4,0.94,0.1,2023-04-21
1088,0.051,4.4,31.0,0.94,0.1,2023-04-22
1089,0.051,4.4,30.6,0.94,0.1,2023-04-23
1090,0.05,4.3,30.2,0.94,0.1,2023-04-24
1091,0.05,4.2,29.7,0.94,0.1,2023-04-25
1092,0.05,4.2,29.3,0.95,0.1,2023-04-26
1093,0.05,4.1,28.8,0.96,0.1,2023-04-27
1094,0.049,4.0,28.3,0.98,0.1,2023-04-28
1095,0.049,4.0,27.8,0.99,0.1,2023-04-29
1096,0.05,3.9,27.3,1.0,0.1,2023-04-30
1097,0.05,3.8,26.8,1.01,0.1,2023-05-01
1098,0.05,3.8,26.3,1.03,0.1,2023-05-02
1099,0.051,3.7,25.8,1.05,0.1,2023-05-03
1100,0.051,3.6,25.4,1.07,0.1,2023-05-04
1101,0.05,3.6,25.0,1.09,0.1,2023-05-05
1102,0.05,3.5,24.5,1.11,0.1,2023-05-06
1103,0.05,3.4,24.1,1.13,0.1,2023-05-07
1104,0.049,3.4,23.7,1.15,0.1,2023-05-08
1105,0.049,3.3,23.2,1.17,0.1,2023-05-09
