,testPositivityRatio,caseDensity,infectionRate,date,Polarity Scores
0,0.128,0.1,1.83,2020-03-14,0.691635
1,0.124,0.1,1.83,2020-03-15,0.5726142857142857
2,0.131,0.1,1.82,2020-03-16,0.7335756756756756
3,0.129,0.2,1.81,2020-03-17,0.6885410256410257
4,0.127,0.4,1.79,2020-03-19,0.7247370370370371
5,0.122,0.7,1.77,2020-03-20,0.820978125
6,0.13,0.9,1.74,2020-03-21,0.8301133333333334
7,0.138,1.3,1.72,2020-03-22,0.7037857142857142
8,0.147,1.8,1.69,2020-03-23,0.7986275862068966
9,0.155,2.3,1.65,2020-03-24,0.5041774193548387
10,0.161,2.6,1.62,2020-03-25,0.689375
11,0.169,3.1,1.58,2020-03-26,0.6794250000000001
12,0.174,3.6,1.54,2020-03-27,0.6046194444444445
13,0.18,4.3,1.49,2020-03-28,0.77975
14,0.184,4.7,1.45,2020-03-29,0.6870076923076923
15,0.188,5.2,1.41,2020-03-30,0.44891176470588234
16,0.193,5.8,1.36,2020-03-31,0.7201068965517241
17,0.199,6.3,1.32,2020-04-01,0.6181954545454545
18,0.204,6.9,1.28,2020-04-02,0.6781896551724138
19,0.208,7.5,1.25,2020-04-03,0.6657580645161291
20,0.209,8.1,1.21,2020-04-04,0.6952727272727273
21,0.21,8.4,1.18,2020-04-05,0.7536428571428572
22,0.211,8.8,1.15,2020-04-06,0.7996952380952381
23,0.208,9.1,1.12,2020-04-07,0.7678321428571427
24,0.207,9.2,1.1,2020-04-08,0.6578081081081081
25,0.206,9.4,1.08,2020-04-09,0.8348928571428571
26,0.206,9.5,1.06,2020-04-10,0.43419259259259263
27,0.2,9.3,1.04,2020-04-11,0.266725
28,0.2,9.4,1.03,2020-04-12,0.7466555555555555
29,0.199,9.2,1.02,2020-04-13,0.7066600000000001
30,0.199,9.0,1.01,2020-04-14,0.8652185185185185
31,0.197,9.0,1.0,2020-04-15,0.36344782608695647
32,0.194,8.9,0.99,2020-04-16,0.691371875
33,0.188,8.8,0.99,2020-04-17,0.5131333333333333
34,0.188,8.7,0.99,2020-04-18,0.47259411764705883
35,0.183,8.6,0.98,2020-04-19,0.58422
36,0.179,8.7,0.98,2020-04-20,0.560329411764706
37,0.173,8.6,0.98,2020-04-21,0.5627478260869566
38,0.167,8.6,0.98,2020-04-22,0.4878444444444444
39,0.162,8.7,0.98,2020-04-23,0.7103428571428572
40,0.158,8.8,0.97,2020-04-24,0.4520923076923077
41,0.155,9.1,0.97,2020-04-25,0.8857111111111111
42,0.154,9.1,0.97,2020-04-26,0.43777272727272726
43,0.151,8.9,0.96,2020-04-27,0.380025
44,0.147,8.9,0.96,2020-04-28,0.5460121212121212
45,0.144,8.8,0.95,2020-04-29,0.6272068965517241
46,0.14,8.7,0.95,2020-04-30,0.6424666666666666
47,0.136,8.5,0.95,2020-05-01,0.3486357142857143
48,0.132,8.3,0.94,2020-05-02,0.44116363636363637
49,0.128,8.3,0.94,2020-05-03,0.6937000000000001
50,0.124,8.3,0.94,2020-05-04,0.3786625
51,0.122,8.2,0.94,2020-05-05,0.7368894736842105
52,0.117,8.1,0.94,2020-05-06,0.7073791666666667
53,0.112,8.1,0.94,2020-05-07,0.8096695652173913
54,0.107,7.8,0.94,2020-05-08,0.504016
55,0.103,7.6,0.94,2020-05-09,0.7298875
56,0.1,7.4,0.94,2020-05-10,0.656
57,0.097,7.2,0.94,2020-05-11,0.3967346153846154
58,0.093,7.1,0.95,2020-05-12,0.5334500000000001
59,0.089,7.0,0.95,2020-05-13,0.5904090909090909
60,0.086,6.9,0.95,2020-05-14,0.6377894736842106
61,0.084,6.9,0.96,2020-05-15,0.7750380952380953
62,0.082,6.8,0.96,2020-05-16,0.48901666666666666
63,0.082,6.8,0.96,2020-05-17,0.4314428571428572
64,0.081,6.9,0.97,2020-05-18,0.5661764705882353
65,0.08,6.9,0.97,2020-05-19,0.5111
66,0.079,7.0,0.97,2020-05-20,0.6005541666666666
67,0.077,6.9,0.97,2020-05-21,0.6291863636363636
68,0.076,6.8,0.97,2020-05-22,0.6035684210526316
69,0.074,6.7,0.98,2020-05-23,0.31716666666666665
70,0.072,6.8,0.98,2020-05-24,0.99228
71,0.071,6.7,0.98,2020-05-25,0.3276833333333333
72,0.07,6.6,0.98,2020-05-26,0.5201619047619048
73,0.069,6.4,0.98,2020-05-27,0.42411304347826084
74,0.068,6.3,0.98,2020-05-28,0.5991875
75,0.067,6.3,0.99,2020-05-29,-0.02311351351351351
76,0.066,6.3,0.99,2020-05-30,-0.3209083333333333
77,0.065,6.4,0.99,2020-05-31,0.16412999999999997
78,0.063,6.5,1.0,2020-06-02,-0.22850333333333334
79,0.062,6.6,1.01,2020-06-03,0.18888571428571427
80,0.061,6.5,1.01,2020-06-04,-0.1053764705882353
81,0.06,6.5,1.02,2020-06-05,-0.22111111111111115
82,0.059,6.4,1.03,2020-06-06,-0.17844375
83,0.058,6.3,1.04,2020-06-07,-0.2511
84,0.059,6.2,1.05,2020-06-08,0.18308333333333335
85,0.058,6.2,1.06,2020-06-09,-0.10066666666666668
86,0.058,6.2,1.07,2020-06-10,-0.07656521739130434
87,0.057,6.3,1.09,2020-06-11,-0.08349047619047618
88,0.058,6.3,1.1,2020-06-12,0.037624
89,0.058,6.4,1.11,2020-06-13,0.9759000000000001
90,0.059,6.4,1.13,2020-06-14,-0.7213666666666666
91,0.061,6.5,1.14,2020-06-15,0.32028333333333336
92,0.063,6.8,1.15,2020-06-16,0.020759090909090908
93,0.066,7.0,1.16,2020-06-17,0.39927727272727276
94,0.069,7.2,1.17,2020-06-18,0.14445000000000002
95,0.072,7.5,1.18,2020-06-19,0.1965
96,0.074,7.8,1.19,2020-06-20,0.4135714285714286
97,0.076,8.1,1.19,2020-06-21,0.9965999999999999
98,0.077,8.6,1.19,2020-06-22,0.46964375
99,0.078,9.0,1.2,2020-06-23,0.4233807692307692
100,0.079,9.5,1.2,2020-06-24,0.2802
101,0.08,10.0,1.19,2020-06-25,0.706225
102,0.083,10.6,1.19,2020-06-26,0.6178833333333333
103,0.085,11.0,1.19,2020-06-27,0.9635999999999999
104,0.086,11.6,1.18,2020-06-28,-0.07900000000000001
105,0.088,12.0,1.18,2020-06-29,0.56255
106,0.091,12.5,1.17,2020-06-30,0.4248
107,0.095,13.1,1.16,2020-07-01,0.32817894736842107
108,0.097,13.8,1.16,2020-07-02,0.5472733333333333
109,0.098,14.3,1.15,2020-07-03,0.3338
111,0.102,14.9,1.14,2020-07-05,0.9943
112,0.104,15.2,1.13,2020-07-06,0.6651166666666667
113,0.105,15.4,1.12,2020-07-07,0.6001615384615385
114,0.105,15.8,1.11,2020-07-08,0.3455666666666667
115,0.105,16.0,1.11,2020-07-09,0.331425
116,0.105,16.5,1.1,2020-07-10,0.7302333333333333
117,0.105,17.0,1.09,2020-07-11,0.9914000000000001
118,0.105,17.5,1.08,2020-07-12,0.6658666666666667
119,0.104,18.2,1.07,2020-07-13,0.9874444444444445
120,0.104,18.7,1.07,2020-07-14,0.773775
121,0.103,19.1,1.06,2020-07-15,0.6408866666666667
122,0.102,19.7,1.05,2020-07-16,0.39223333333333327
123,0.101,19.8,1.04,2020-07-17,0.8085866666666667
124,0.1,19.9,1.03,2020-07-18,0.57478
125,0.099,20.1,1.02,2020-07-19,0.15535
126,0.098,20.0,1.01,2020-07-20,0.4024142857142857
127,0.097,20.0,1.0,2020-07-21,0.6614416666666666
128,0.096,20.1,0.99,2020-07-22,0.5826666666666667
129,0.095,19.8,0.98,2020-07-23,0.3507833333333334
130,0.094,19.9,0.98,2020-07-24,0.6626785714285715
131,0.093,20.1,0.97,2020-07-25,0.9949
132,0.093,19.8,0.96,2020-07-26,0.99715
133,0.092,19.7,0.96,2020-07-27,0.829275
134,0.09,19.6,0.95,2020-07-28,0.6240066666666667
135,0.089,19.5,0.95,2020-07-29,0.8619875
136,0.088,19.5,0.94,2020-07-30,0.8425714285714285
137,0.087,19.3,0.94,2020-07-31,0.5777466666666666
138,0.085,18.9,0.94,2020-08-01,0.4275142857142857
139,0.083,18.7,0.93,2020-08-02,0.9447
140,0.082,18.2,0.93,2020-08-03,0.6840833333333333
141,0.08,17.8,0.93,2020-08-04,0.6124142857142857
142,0.079,17.2,0.93,2020-08-05,0.7146750000000001
143,0.077,16.8,0.93,2020-08-06,0.7372000000000001
144,0.075,16.4,0.92,2020-08-07,0.2978071428571428
145,0.074,16.3,0.92,2020-08-08,0.9867499999999999
146,0.073,16.2,0.92,2020-08-09,0.20750000000000002
147,0.072,16.2,0.92,2020-08-10,0.12095
148,0.07,16.2,0.92,2020-08-11,0.573178947368421
149,0.068,16.2,0.92,2020-08-12,0.97796
150,0.067,16.1,0.92,2020-08-13,0.46249999999999997
151,0.065,16.0,0.92,2020-08-14,0.5629583333333333
152,0.064,15.8,0.92,2020-08-15,0.6772833333333333
153,0.063,15.3,0.92,2020-08-16,0.9960333333333334
154,0.063,14.8,0.92,2020-08-17,0.4994533333333333
155,0.061,14.4,0.92,2020-08-18,0.630373076923077
156,0.06,13.9,0.93,2020-08-19,0.6980529411764705
157,0.059,13.5,0.93,2020-08-20,0.9182384615384614
158,0.058,13.1,0.93,2020-08-21,0.7210904761904763
159,0.057,12.8,0.94,2020-08-22,0.9830333333333333
160,0.057,12.6,0.94,2020-08-23,0.96885
161,0.056,12.7,0.94,2020-08-24,0.8524263157894737
162,0.056,12.5,0.95,2020-08-25,0.6928842105263158
163,0.056,12.6,0.95,2020-08-26,0.4981423076923077
164,0.056,12.5,0.95,2020-08-27,0.36987037037037035
165,0.056,12.5,0.95,2020-08-28,0.42216666666666663
166,0.055,12.5,0.95,2020-08-29,0.6767000000000001
167,0.055,12.5,0.96,2020-08-30,-0.3350333333333333
168,0.055,12.4,0.96,2020-08-31,0.20619
169,0.054,12.4,0.96,2020-09-02,0.5269
170,0.054,12.4,0.96,2020-09-03,0.26088125
171,0.053,12.4,0.97,2020-09-04,0.49124166666666663
172,0.052,12.3,0.97,2020-09-05,0.98725
173,0.052,12.1,0.98,2020-09-06,0.0037750000000000006
174,0.052,11.5,0.98,2020-09-07,0.9914
175,0.051,11.1,0.99,2020-09-08,0.5529571428571429
176,0.05,10.8,0.99,2020-09-09,0.4414388888888889
177,0.049,10.5,1.0,2020-09-10,0.6779384615384616
178,0.047,10.6,1.01,2020-09-11,0.5595214285714285
179,0.047,10.4,1.01,2020-09-12,0.36433333333333334
180,0.047,10.5,1.02,2020-09-13,0.97395
181,0.046,11.0,1.02,2020-09-14,0.2912529411764706
182,0.046,11.3,1.03,2020-09-15,0.6438076923076923
183,0.046,11.6,1.03,2020-09-16,0.166
184,0.046,11.9,1.03,2020-09-17,0.2707272727272727
185,0.046,11.9,1.04,2020-09-18,0.8115217391304348
186,0.045,12.0,1.04,2020-09-19,0.6858210526315789
187,0.045,12.1,1.04,2020-09-20,0.38436666666666663
188,0.046,12.2,1.04,2020-09-22,0.43652
189,0.046,12.3,1.04,2020-09-23,0.68966
190,0.046,12.3,1.04,2020-09-24,0.37527272727272726
191,0.046,12.3,1.04,2020-09-25,0.49684761904761904
192,0.047,12.3,1.04,2020-09-26,0.7507875
193,0.047,12.5,1.04,2020-09-27,0.986075
194,0.048,12.3,1.05,2020-09-28,0.53754375
195,0.048,12.6,1.05,2020-09-29,0.5900166666666666
196,0.048,12.6,1.06,2020-09-30,0.5904875
197,0.048,12.6,1.06,2020-10-01,0.4436380952380952
198,0.048,12.8,1.07,2020-10-02,0.50281
199,0.048,13.0,1.07,2020-10-03,0.5866444444444444
200,0.048,12.9,1.08,2020-10-04,0.5254749999999999
201,0.048,13.0,1.08,2020-10-05,0.43685
202,0.048,13.0,1.09,2020-10-06,0.7756166666666666
203,0.048,13.5,1.09,2020-10-07,0.6153178571428571
204,0.048,13.9,1.09,2020-10-08,0.6725157894736842
205,0.049,14.3,1.1,2020-10-09,0.37894
206,0.049,14.5,1.1,2020-10-10,0.4027125
207,0.05,14.9,1.11,2020-10-11,0.27315
208,0.052,15.2,1.11,2020-10-12,0.6486692307692308
209,0.054,15.7,1.11,2020-10-13,0.9450583333333333
210,0.055,16.1,1.11,2020-10-14,0.7071565217391305
211,0.056,16.5,1.11,2020-10-15,0.8498857142857142
212,0.058,17.0,1.12,2020-10-16,0.6621290322580645
213,0.058,17.0,1.12,2020-10-17,0.05579999999999998
214,0.059,17.2,1.12,2020-10-18,0.9850200000000001
215,0.059,17.9,1.12,2020-10-19,0.8465083333333333
216,0.059,18.2,1.13,2020-10-20,0.7771619047619047
217,0.06,18.4,1.13,2020-10-21,0.7347066666666666
218,0.061,18.8,1.13,2020-10-22,0.5081433333333333
219,0.063,19.3,1.14,2020-10-23,0.4714028571428571
220,0.064,20.4,1.14,2020-10-24,0.5138875
221,0.066,20.9,1.15,2020-10-25,0.4203571428571428
222,0.067,21.1,1.15,2020-10-26,0.7370217391304348
223,0.068,21.7,1.16,2020-10-27,0.8308807692307691
224,0.069,22.5,1.16,2020-10-28,0.5918
225,0.071,23.1,1.17,2020-10-29,0.5630400000000001
226,0.073,23.9,1.17,2020-10-30,0.906156
227,0.074,24.2,1.18,2020-10-31,0.6124333333333333
228,0.076,24.7,1.18,2020-11-01,0.39198
229,0.077,25.7,1.19,2020-11-02,0.5191666666666667
230,0.08,26.5,1.19,2020-11-03,0.6501272727272728
231,0.083,27.6,1.19,2020-11-04,0.7898931506849315
232,0.086,29.0,1.19,2020-11-05,0.639268
233,0.089,30.3,1.19,2020-11-06,0.8116911111111111
234,0.091,31.9,1.18,2020-11-07,0.7453
235,0.094,33.3,1.18,2020-11-08,0.8988909090909091
236,0.097,34.8,1.17,2020-11-09,0.8625722222222222
237,0.1,36.9,1.16,2020-11-10,0.516915
238,0.103,38.4,1.15,2020-11-11,0.24373333333333333
239,0.106,40.2,1.14,2020-11-12,0.40789333333333333
240,0.108,42.3,1.13,2020-11-13,0.7066142857142858
241,0.109,43.9,1.12,2020-11-14,0.50365
242,0.109,45.3,1.11,2020-11-15,0.990675
243,0.108,46.9,1.1,2020-11-16,0.3259
244,0.107,47.8,1.09,2020-11-17,0.8857333333333333
245,0.105,49.1,1.08,2020-11-18,0.8738699999999999
246,0.104,50.1,1.07,2020-11-19,0.8757055555555556
247,0.103,50.9,1.06,2020-11-20,0.9638277777777778
248,0.102,51.4,1.06,2020-11-21,0.9834799999999999
249,0.101,51.7,1.05,2020-11-22,0.95252
250,0.1,52.2,1.05,2020-11-23,0.81098
251,0.099,52.9,1.05,2020-11-24,0.6833235294117648
252,0.099,53.3,1.05,2020-11-25,0.7932
253,0.099,49.7,1.05,2020-11-26,0.775475
254,0.101,50.0,1.05,2020-11-27,0.22104
255,0.104,49.1,1.05,2020-11-28,0.9929
256,0.107,48.9,1.06,2020-11-29,0.23646666666666663
257,0.11,48.4,1.06,2020-11-30,0.8065785714285714
258,0.113,48.6,1.06,2020-12-01,0.6901769230769231
259,0.118,49.5,1.06,2020-12-02,0.7585294117647059
260,0.12,54.4,1.06,2020-12-03,0.4611058823529412
261,0.12,55.5,1.06,2020-12-04,0.6842307692307692
262,0.12,57.8,1.06,2020-12-05,0.012699999999999989
263,0.12,59.4,1.06,2020-12-06,0.500675
264,0.12,61.0,1.05,2020-12-07,0.7371625
265,0.119,61.4,1.05,2020-12-08,0.9868681818181817
266,0.118,62.2,1.04,2020-12-09,0.83398125
267,0.117,62.5,1.04,2020-12-10,0.8177190476190477
268,0.118,61.4,1.02,2020-12-12,0.36265
269,0.118,62.0,1.02,2020-12-13,0.9465333333333333
270,0.119,61.8,1.01,2020-12-14,0.5407157894736843
271,0.12,62.4,1.0,2020-12-15,0.41688947368421053
272,0.12,63.7,1.0,2020-12-16,0.41860714285714284
273,0.12,64.3,0.99,2020-12-17,0.47873333333333334
274,0.121,65.9,0.99,2020-12-18,0.5690833333333333
275,0.12,65.3,0.99,2020-12-19,0.8333181818181817
276,0.119,65.1,0.99,2020-12-20,0.99488
277,0.119,65.2,0.99,2020-12-21,0.9687466666666666
278,0.118,65.1,0.99,2020-12-22,0.9602655172413793
279,0.118,64.4,1.0,2020-12-23,0.8720368421052631
280,0.117,62.5,1.01,2020-12-24,0.4918166666666666
281,0.119,56.0,1.01,2020-12-25,-0.1438666666666667
282,0.122,57.0,1.02,2020-12-26,0.9789
283,0.125,55.8,1.03,2020-12-27,0.9963
284,0.129,55.2,1.04,2020-12-28,0.7800333333333334
285,0.135,55.2,1.04,2020-12-29,0.7754
286,0.141,55.3,1.05,2020-12-30,0.3716875
287,0.147,56.9,1.05,2020-12-31,0.16418
288,0.149,58.9,1.05,2021-01-01,0.4784
289,0.15,62.1,1.05,2021-01-02,-0.49019999999999997
290,0.151,64.2,1.05,2021-01-03,0.776625
291,0.15,64.7,1.04,2021-01-04,0.41077
292,0.149,66.2,1.03,2021-01-05,0.8575071428571429
293,0.148,67.4,1.02,2021-01-06,0.41678055555555554
294,0.144,69.5,1.01,2021-01-07,0.02819666666666667
295,0.14,76.1,1.0,2021-01-08,0.0342590909090909
296,0.137,74.4,0.98,2021-01-09,0.2835111111111111
297,0.135,74.7,0.97,2021-01-10,-0.1394
298,0.133,75.8,0.95,2021-01-11,0.25402857142857144
299,0.129,75.6,0.94,2021-01-12,0.24511818181818182
300,0.125,74.4,0.92,2021-01-13,0.25088846153846156
301,0.121,72.5,0.91,2021-01-14,0.29223125
302,0.118,69.9,0.9,2021-01-15,0.6002125
303,0.116,67.7,0.89,2021-01-16,-0.050435714285714285
304,0.114,66.1,0.88,2021-01-17,-0.32251111111111114
305,0.112,62.4,0.88,2021-01-18,-0.04297777777777778
306,0.11,60.6,0.87,2021-01-19,0.41458095238095233
307,0.107,58.7,0.87,2021-01-20,0.5903536585365854
308,0.105,56.7,0.86,2021-01-21,0.6809375000000001
309,0.102,54.6,0.86,2021-01-22,0.3785866666666667
310,0.1,53.2,0.86,2021-01-23,0.49472499999999997
311,0.099,51.4,0.86,2021-01-24,0.9079
312,0.098,52.1,0.85,2021-01-25,0.5152307692307693
313,0.095,50.5,0.85,2021-01-26,0.4103791666666667
314,0.093,49.2,0.85,2021-01-27,0.4687631578947368
315,0.091,48.2,0.85,2021-01-28,0.6622833333333333
316,0.089,47.0,0.84,2021-01-29,0.3904
317,0.087,45.6,0.84,2021-01-30,0.7058857142857143
318,0.086,44.9,0.84,2021-01-31,-0.3365666666666667
319,0.082,42.7,0.83,2021-02-02,0.4445208333333333
320,0.08,40.4,0.83,2021-02-03,0.31922105263157896
321,0.077,38.4,0.83,2021-02-04,0.6658421052631579
322,0.075,36.6,0.82,2021-02-05,0.6812549999999999
323,0.074,35.1,0.82,2021-02-06,0.5890285714285713
324,0.073,33.8,0.82,2021-02-07,0.3234
325,0.071,33.0,0.82,2021-02-08,0.6542166666666667
326,0.069,32.2,0.83,2021-02-09,0.21709499999999998
327,0.067,31.5,0.83,2021-02-10,0.27965
328,0.066,30.7,0.83,2021-02-11,0.4201714285714286
329,0.065,29.4,0.84,2021-02-12,0.29968333333333336
330,0.064,28.5,0.85,2021-02-13,0.5546300000000001
331,0.062,27.5,0.85,2021-02-14,0.8701
332,0.061,25.9,0.86,2021-02-15,0.45564
333,0.06,24.5,0.87,2021-02-16,0.46903333333333336
334,0.059,23.4,0.88,2021-02-17,0.4556125
335,0.057,21.9,0.88,2021-02-18,0.7524928571428572
336,0.055,21.0,0.89,2021-02-19,0.6288294117647059
337,0.053,20.4,0.9,2021-02-20,0.41821428571428576
338,0.053,20.0,0.91,2021-02-21,0.11814999999999998
339,0.053,20.2,0.91,2021-02-22,0.09867
340,0.051,20.5,0.92,2021-02-23,0.7704777777777778
341,0.05,20.7,0.92,2021-02-24,0.5370409090909091
342,0.049,21.0,0.92,2021-02-25,0.9887833333333335
343,0.049,21.0,0.93,2021-02-26,0.30018695652173916
344,0.048,20.7,0.93,2021-02-27,0.0017666666666666757
345,0.047,20.3,0.93,2021-02-28,0.32556666666666667
346,0.046,20.2,0.93,2021-03-01,0.4541869565217392
347,0.045,19.6,0.93,2021-03-02,0.65112
348,0.044,19.1,0.94,2021-03-03,0.7066652173913043
349,0.043,18.7,0.94,2021-03-04,0.33419333333333334
350,0.042,18.1,0.94,2021-03-05,0.31331176470588235
351,0.042,17.8,0.94,2021-03-06,0.9931714285714286
352,0.042,17.5,0.95,2021-03-07,0.33390000000000003
353,0.042,17.2,0.95,2021-03-08,0.5709842105263158
354,0.041,17.1,0.95,2021-03-09,0.8287666666666667
355,0.041,16.8,0.96,2021-03-10,0.7054666666666667
356,0.041,16.6,0.97,2021-03-11,0.4017352941176471
357,0.042,16.5,0.97,2021-03-12,0.5910090909090909
358,0.042,16.2,0.98,2021-03-13,0.5010833333333333
359,0.042,16.1,0.99,2021-03-14,-0.2780333333333333
360,0.042,16.3,1.0,2021-03-15,0.468895652173913
361,0.043,16.3,1.0,2021-03-16,0.72702
362,0.043,16.3,1.01,2021-03-17,0.15025499999999997
363,0.043,16.3,1.02,2021-03-18,0.2467875
364,0.044,16.1,1.03,2021-03-19,0.7242000000000001
365,0.044,16.3,1.03,2021-03-20,0.22586
366,0.044,16.2,1.04,2021-03-21,0.39366
367,0.044,16.3,1.04,2021-03-22,0.5795928571428571
368,0.045,16.4,1.05,2021-03-23,0.39305384615384614
369,0.048,16.6,1.06,2021-03-26,0.4420368421052632
370,0.049,16.9,1.06,2021-03-27,0.98902
371,0.05,17.6,1.06,2021-03-28,-0.2512
372,0.05,18.5,1.06,2021-03-29,0.6648846153846153
373,0.052,18.9,1.05,2021-03-30,0.5574916666666666
374,0.053,19.1,1.05,2021-03-31,0.5335619047619048
375,0.053,19.7,1.05,2021-04-01,0.687225
376,0.053,19.5,1.04,2021-04-02,0.6992333333333334
377,0.054,19.6,1.04,2021-04-03,0.9854857142857142
378,0.054,19.3,1.03,2021-04-04,0.01084999999999997
379,0.054,19.5,1.02,2021-04-06,0.8086272727272728
380,0.07,19.7,1.02,2021-04-07,0.34014545454545453
381,0.07,19.8,1.01,2021-04-08,0.27208333333333334
382,0.07,20.3,1.0,2021-04-09,0.47183125
383,0.07,20.3,0.99,2021-04-10,0.2043
384,0.07,20.8,0.99,2021-04-11,0.4013
385,0.069,20.6,0.98,2021-04-12,0.38117999999999996
386,0.069,21.2,0.97,2021-04-13,0.6009692307692307
387,0.054,21.4,0.96,2021-04-14,0.21828888888888887
388,0.054,21.1,0.95,2021-04-15,0.5221352941176471
389,0.054,21.0,0.95,2021-04-16,0.77702
390,0.053,20.7,0.94,2021-04-17,0.8930400000000001
391,0.052,20.5,0.93,2021-04-18,0.9965
392,0.052,20.2,0.92,2021-04-19,0.48286666666666667
393,0.051,19.5,0.92,2021-04-20,-0.08306923076923076
394,0.05,18.9,0.91,2021-04-21,0.360425
395,0.049,18.6,0.9,2021-04-22,0.766
396,0.048,17.9,0.9,2021-04-23,0.4048235294117647
397,0.046,17.6,0.89,2021-04-25,0.60516
398,0.046,17.2,0.89,2021-04-26,0.9920416666666667
399,0.045,16.8,0.88,2021-04-27,0.9911727272727273
400,0.044,16.4,0.88,2021-04-28,0.8121545454545455
401,0.044,16.0,0.88,2021-04-29,0.6458235294117648
402,0.043,15.7,0.87,2021-04-30,0.7062571428571429
406,0.041,14.5,0.86,2021-05-04,-0.3325
407,0.04,13.9,0.85,2021-05-05,0.7329125
408,0.039,13.5,0.85,2021-05-06,0.42432857142857144
409,0.038,13.0,0.85,2021-05-07,0.9812846153846154
410,0.037,12.6,0.84,2021-05-08,0.8018
412,0.035,11.7,0.84,2021-05-10,0.7667777777777778
413,0.035,11.4,0.84,2021-05-11,0.16975
414,0.034,11.1,0.83,2021-05-12,0.6292466666666667
415,0.033,10.6,0.83,2021-05-13,0.8363615384615385
416,0.032,10.1,0.83,2021-05-14,0.25739
417,0.031,9.8,0.83,2021-05-15,0.4355
418,0.031,9.6,0.83,2021-05-16,0.8935333333333334
419,0.03,9.2,0.82,2021-05-17,0.12055882352941177
420,0.03,8.9,0.82,2021-05-18,0.9883799999999999
421,0.029,8.6,0.82,2021-05-19,0.5728071428571428
422,0.029,8.3,0.81,2021-05-20,0.24968333333333334
423,0.028,8.0,0.81,2021-05-21,0.5479631578947369
424,0.027,7.6,0.81,2021-05-22,-0.0012500000000000289
425,0.027,7.5,0.81,2021-05-23,0.9153
426,0.027,7.4,0.8,2021-05-24,0.417675
427,0.026,7.2,0.8,2021-05-25,0.7566133333333334
428,0.025,7.0,0.8,2021-05-26,0.3726
429,0.024,6.3,0.81,2021-05-28,0.6615
430,0.024,6.0,0.81,2021-05-29,0.9667
431,0.023,5.6,0.81,2021-05-30,0.9984500000000001
432,0.023,4.6,0.82,2021-05-31,0.3275666666666666
433,0.023,4.6,0.83,2021-06-01,0.9798666666666667
434,0.022,4.3,0.83,2021-06-02,0.7614666666666666
435,0.021,4.5,0.84,2021-06-03,0.20033333333333334
436,0.02,4.1,0.86,2021-06-05,0.33356666666666673
437,0.019,4.0,0.87,2021-06-06,0.9944
438,0.019,4.7,0.88,2021-06-07,0.40183
439,0.018,3.8,0.92,2021-06-11,0.4660818181818182
440,0.018,3.7,0.92,2021-06-12,0.9647166666666666
441,0.018,3.7,0.93,2021-06-13,0.9841000000000001
442,0.017,3.4,0.94,2021-06-14,0.1089285714285714
443,0.017,3.4,0.95,2021-06-15,0.4839833333333334
444,0.017,3.6,0.96,2021-06-16,0.7256199999999999
445,0.017,3.6,0.96,2021-06-17,0.7367923076923077
446,0.018,3.5,0.97,2021-06-18,0.7786666666666666
447,0.018,3.4,0.98,2021-06-19,0.7075
448,0.018,3.3,0.98,2021-06-20,0.947175
449,0.018,3.3,0.99,2021-06-21,0.6352166666666667
450,0.019,3.4,0.99,2021-06-22,0.5359222222222222
451,0.019,3.4,1.0,2021-06-23,0.69799375
452,0.019,3.5,1.01,2021-06-24,0.6161818181818182
453,0.02,3.6,1.03,2021-06-25,0.6575777777777777
454,0.02,3.6,1.04,2021-06-26,0.28086666666666665
455,0.021,3.6,1.06,2021-06-27,0.9994
456,0.021,3.6,1.08,2021-06-28,0.6991125
457,0.022,3.7,1.1,2021-06-29,0.6503
458,0.027,3.0,1.22,2021-07-03,0.03720000000000004
459,0.028,2.9,1.25,2021-07-04,0.0772
460,0.029,2.1,1.28,2021-07-05,0.96755
461,0.031,2.9,1.31,2021-07-06,0.838025
462,0.033,4.1,1.33,2021-07-07,0.9650444444444444
463,0.041,5.1,1.38,2021-07-11,-0.0004250000000000087
464,0.045,7.9,1.38,2021-07-13,0.7031571428571429
465,0.049,8.7,1.38,2021-07-14,0.8263333333333334
466,0.051,9.2,1.37,2021-07-15,0.6102818181818181
467,0.054,10.5,1.36,2021-07-16,0.557
468,0.056,9.4,1.35,2021-07-17,0.8029000000000001
469,0.059,9.6,1.34,2021-07-18,0.999
470,0.061,10.8,1.32,2021-07-19,0.05068888888888888
471,0.065,11.6,1.31,2021-07-20,0.263
472,0.068,12.5,1.3,2021-07-21,0.8156636363636364
473,0.071,13.8,1.29,2021-07-22,0.12065
474,0.074,15.1,1.28,2021-07-23,0.604725
475,0.077,15.5,1.27,2021-07-24,0.3467
476,0.079,15.7,1.26,2021-07-25,0.9466000000000001
477,0.083,17.2,1.25,2021-07-26,0.7050000000000001
478,0.087,19.1,1.24,2021-07-27,0.9517833333333333
479,0.09,20.2,1.24,2021-07-28,0.42198
480,0.093,21.6,1.23,2021-07-29,0.5693833333333334
481,0.096,23.3,1.22,2021-07-30,0.4332181818181818
482,0.098,23.7,1.21,2021-07-31,0.3501333333333334
483,0.1,24.1,1.21,2021-08-01,0.9975333333333333
484,0.101,25.9,1.2,2021-08-02,0.9911333333333333
485,0.102,27.6,1.19,2021-08-03,0.6883266666666666
486,0.103,28.7,1.18,2021-08-04,0.40003
487,0.104,30.0,1.18,2021-08-05,0.5578923076923077
488,0.103,29.4,1.16,2021-08-07,0.9958
489,0.104,30.1,1.15,2021-08-08,0.9962
490,0.104,32.2,1.14,2021-08-09,0.5230750000000001
491,0.105,33.1,1.13,2021-08-10,0.6954375
492,0.105,35.2,1.13,2021-08-11,0.9813999999999999
493,0.106,35.8,1.12,2021-08-12,0.78555
494,0.105,38.8,1.11,2021-08-13,0.7230125000000001
495,0.105,39.1,1.1,2021-08-14,0.9862500000000001
496,0.105,39.5,1.1,2021-08-15,0.98575
497,0.105,42.9,1.09,2021-08-16,0.4616857142857143
498,0.105,42.2,1.08,2021-08-17,0.4951375
499,0.104,42.6,1.07,2021-08-18,0.9653142857142857
500,0.103,43.5,1.07,2021-08-19,0.17802857142857142
501,0.104,42.8,1.06,2021-08-21,0.9849
502,0.103,43.0,1.05,2021-08-23,0.73005
503,0.102,43.2,1.04,2021-08-24,0.43488571428571426
504,0.101,43.6,1.03,2021-08-25,0.9793714285714286
505,0.101,45.0,1.03,2021-08-26,0.33208333333333334
506,0.099,47.0,1.02,2021-08-27,0.2622375
507,0.098,47.2,1.02,2021-08-28,0.9795
508,0.098,47.3,1.01,2021-08-29,0.988
509,0.098,47.9,1.01,2021-08-30,0.6520166666666667
510,0.097,48.3,1.0,2021-08-31,0.58285
511,0.095,50.1,1.0,2021-09-01,0.35154166666666664
512,0.094,49.5,1.0,2021-09-02,0.32148333333333334
513,0.093,49.3,0.99,2021-09-03,0.2544
514,0.093,48.5,0.99,2021-09-04,0.9926
515,0.093,48.6,0.98,2021-09-05,0.0023000000000000242
516,0.092,39.9,0.98,2021-09-06,-0.42184999999999995
517,0.093,45.9,0.97,2021-09-07,0.33102222222222216
518,0.092,44.8,0.97,2021-09-08,0.6924428571428571
519,0.09,44.6,0.97,2021-09-09,0.35473333333333334
520,0.089,43.9,0.96,2021-09-10,0.33701111111111115
521,0.087,44.2,0.96,2021-09-11,0.9964
522,0.086,44.0,0.95,2021-09-12,-0.0802
523,0.085,53.0,0.94,2021-09-13,0.968975
524,0.083,46.6,0.94,2021-09-14,0.7077142857142859
525,0.081,46.0,0.93,2021-09-15,0.815675
526,0.08,45.3,0.93,2021-09-16,0.9893000000000001
527,0.079,44.9,0.92,2021-09-17,0.6574
528,0.078,44.7,0.92,2021-09-18,0.9786
529,0.077,44.7,0.91,2021-09-19,0.96085
530,0.076,41.4,0.91,2021-09-20,0.737509090909091
531,0.074,40.4,0.91,2021-09-21,0.7785599999999999
532,0.072,39.4,0.91,2021-09-22,0.20807777777777778
533,0.071,38.2,0.91,2021-09-23,0.38858571428571426
534,0.069,37.1,0.9,2021-09-24,0.9805
535,0.063,36.4,0.9,2021-09-25,0.9933000000000001
536,0.062,36.1,0.9,2021-09-26,0.9991
537,0.062,35.5,0.9,2021-09-27,0.47297500000000003
538,0.061,34.8,0.91,2021-09-28,0.66165
539,0.061,34.0,0.91,2021-09-29,0.3403333333333333
540,0.061,33.5,0.91,2021-09-30,-0.1472
541,0.06,32.9,0.91,2021-10-01,0.91898
542,0.063,32.6,0.91,2021-10-02,-0.3317333333333333
543,0.063,32.2,0.91,2021-10-03,0.98105
544,0.062,31.3,0.91,2021-10-04,0.98798
545,0.061,30.6,0.91,2021-10-05,0.49495
546,0.06,30.1,0.91,2021-10-06,0.5817166666666667
547,0.059,29.6,0.91,2021-10-07,0.59096
548,0.058,29.1,0.91,2021-10-08,0.8044142857142857
549,0.058,28.8,0.91,2021-10-09,0.986175
550,0.058,28.7,0.91,2021-10-10,0.9887
551,0.057,26.6,0.91,2021-10-11,-0.014249999999999985
552,0.057,27.1,0.92,2021-10-12,0.43847499999999995
553,0.056,26.7,0.92,2021-10-13,0.518175
554,0.055,26.0,0.92,2021-10-14,0.506375
555,0.054,25.4,0.92,2021-10-15,0.20112000000000002
556,0.053,25.2,0.93,2021-10-16,0.8865999999999999
557,0.053,25.2,0.93,2021-10-17,0.06614999999999999
558,0.052,25.1,0.93,2021-10-18,0.993025
559,0.05,23.9,0.94,2021-10-19,0.9985999999999999
560,0.05,23.1,0.95,2021-10-20,0.9901
561,0.05,22.7,0.95,2021-10-21,0.9853400000000001
562,0.05,22.3,0.96,2021-10-22,0.5534333333333333
563,0.05,22.1,0.96,2021-10-23,-0.33413333333333334
564,0.05,21.9,0.97,2021-10-24,0.9979
565,0.049,21.2,0.98,2021-10-25,0.42311666666666664
566,0.05,21.3,0.98,2021-10-26,0.5536333333333334
567,0.049,21.4,0.99,2021-10-27,0.24175
568,0.049,21.4,1.0,2021-10-28,0.3638222222222222
569,0.049,21.4,1.01,2021-10-29,0.6314833333333333
570,0.049,21.4,1.01,2021-10-30,0.32386666666666664
571,0.049,21.5,1.02,2021-10-31,0.9984
572,0.05,22.2,1.02,2021-11-01,0.4240714285714286
573,0.05,21.7,1.03,2021-11-02,0.4523333333333333
574,0.05,21.6,1.04,2021-11-03,0.8073727272727272
575,0.051,21.6,1.04,2021-11-04,0.001674999999999982
576,0.052,21.8,1.05,2021-11-05,0.8610888888888889
577,0.053,21.9,1.05,2021-11-06,0.500775
578,0.053,22.1,1.05,2021-11-07,0.99925
579,0.053,22.2,1.05,2021-11-08,0.6925333333333333
580,0.053,22.6,1.05,2021-11-09,0.5223333333333333
581,0.055,23.1,1.06,2021-11-10,0.2981777777777778
582,0.056,22.3,1.06,2021-11-11,0.6742181818181818
583,0.057,24.0,1.06,2021-11-12,0.7690444444444444
584,0.058,24.3,1.05,2021-11-13,0.9956999999999999
585,0.058,24.4,1.05,2021-11-14,0.31366666666666665
586,0.059,25.3,1.05,2021-11-15,0.9726857142857143
587,0.06,25.6,1.05,2021-11-16,0.6003000000000001
588,0.06,26.3,1.05,2021-11-17,0.9002285714285714
589,0.06,27.9,1.05,2021-11-18,0.6390727272727272
590,0.061,27.5,1.06,2021-11-19,0.5131375
591,0.061,27.5,1.06,2021-11-20,-0.0008000000000000229
592,0.062,27.8,1.06,2021-11-21,0.9861
593,0.063,28.2,1.07,2021-11-22,0.57115
594,0.064,28.3,1.07,2021-11-23,-0.6537
595,0.066,28.6,1.08,2021-11-24,0.34354
596,0.069,25.6,1.08,2021-11-25,-0.0004750000000000032
597,0.072,22.6,1.09,2021-11-26,0.9099
598,0.075,22.0,1.09,2021-11-27,0.9762333333333334
599,0.076,26.9,1.09,2021-11-29,0.573725
600,0.077,27.8,1.09,2021-11-30,0.9926
601,0.078,28.8,1.09,2021-12-01,0.7692363636363637
602,0.076,34.2,1.09,2021-12-02,0.7370777777777778
603,0.074,39.3,1.08,2021-12-03,0.057325000000000015
604,0.073,41.0,1.08,2021-12-04,0.96505
605,0.074,36.6,1.08,2021-12-05,0.00045000000000000595
606,0.074,35.8,1.08,2021-12-06,0.4011166666666666
607,0.072,36.0,1.08,2021-12-07,0.3155888888888889
608,0.071,36.5,1.09,2021-12-08,0.7673888888888889
609,0.071,35.8,1.1,2021-12-09,0.9895285714285714
610,0.072,33.8,1.13,2021-12-11,0.32106666666666667
611,0.071,33.9,1.14,2021-12-12,0.0023499999999999632
612,0.073,34.1,1.16,2021-12-13,0.428
613,0.075,34.3,1.18,2021-12-14,0.4527181818181818
614,0.079,34.1,1.2,2021-12-15,0.6584
615,0.084,35.3,1.23,2021-12-16,0.6583833333333333
616,0.085,37.6,1.25,2021-12-17,0.6279272727272727
617,0.09,38.6,1.27,2021-12-18,0.9170333333333334
618,0.093,40.2,1.29,2021-12-19,0.9622666666666667
619,0.1,43.2,1.31,2021-12-20,0.7164833333333332
620,0.111,46.1,1.33,2021-12-21,0.99732
621,0.124,50.1,1.34,2021-12-22,0.466425
622,0.136,55.2,1.35,2021-12-23,0.6664428571428571
623,0.149,56.1,1.36,2021-12-24,0.41828571428571426
624,0.158,55.8,1.37,2021-12-25,0.5007
625,0.166,60.1,1.37,2021-12-26,0.4267333333333334
626,0.182,71.7,1.37,2021-12-27,0.6366833333333334
627,0.204,80.2,1.37,2021-12-28,0.9966666666666667
628,0.227,90.9,1.36,2021-12-29,0.9986
629,0.248,104.7,1.36,2021-12-30,0.54675
630,0.263,115.6,1.34,2021-12-31,0.7527666666666667
631,0.27,119.7,1.33,2022-01-01,0.9983666666666666
632,0.276,124.6,1.31,2022-01-02,0.98275
633,0.289,143.5,1.27,2022-01-04,0.3628909090909091
634,0.292,154.2,1.24,2022-01-05,0.7856
635,0.294,163.0,1.22,2022-01-06,0.505
636,0.294,185.6,1.19,2022-01-07,0.6012600000000001
637,0.293,199.9,1.16,2022-01-08,0.45808333333333334
638,0.292,201.3,1.13,2022-01-09,0.9982666666666667
639,0.292,234.3,1.1,2022-01-10,0.91768
640,0.29,229.3,1.08,2022-01-11,0.7341000000000001
641,0.286,237.0,1.05,2022-01-12,0.9724166666666667
642,0.282,241.6,1.02,2022-01-13,0.7455625
643,0.278,241.4,1.0,2022-01-14,0.9938
644,0.275,240.4,0.97,2022-01-15,-0.0009500000000000064
645,0.275,241.4,0.95,2022-01-16,0.9798
646,0.274,206.7,0.92,2022-01-17,0.21391999999999997
647,0.271,224.3,0.9,2022-01-18,0.994075
648,0.267,223.0,0.88,2022-01-19,0.26272
649,0.263,217.9,0.86,2022-01-20,0.45699090909090906
650,0.26,215.1,0.84,2022-01-21,0.35689000000000004
651,0.257,211.4,0.82,2022-01-22,0.99325
652,0.255,205.4,0.8,2022-01-23,-0.9389666666666666
653,0.249,220.6,0.78,2022-01-24,0.5955199999999999
654,0.242,191.9,0.76,2022-01-25,0.370425
655,0.234,182.0,0.74,2022-01-26,0.41578
656,0.224,172.6,0.73,2022-01-27,0.48792352941176476
657,0.215,161.0,0.71,2022-01-28,0.7390666666666666
658,0.208,157.1,0.7,2022-01-29,0.773975
659,0.203,152.9,0.68,2022-01-30,0.6182166666666666
660,0.195,139.1,0.67,2022-01-31,0.5974
661,0.183,129.9,0.66,2022-02-01,0.8191200000000001
662,0.171,117.0,0.65,2022-02-02,0.78636
663,0.162,107.7,0.64,2022-02-03,0.8257
664,0.152,97.2,0.63,2022-02-04,0.6096166666666667
665,0.145,91.9,0.63,2022-02-05,0.18348000000000003
666,0.14,89.9,0.62,2022-02-06,0.451975
667,0.132,76.4,0.62,2022-02-07,0.9341666666666667
668,0.123,72.2,0.62,2022-02-08,0.7711
669,0.114,68.0,0.62,2022-02-09,0.98918
670,0.106,62.0,0.62,2022-02-10,0.5345777777777778
671,0.099,55.7,0.62,2022-02-11,0.49751666666666666
672,0.094,53.2,0.63,2022-02-12,0.6691333333333334
673,0.09,52.2,0.63,2022-02-13,0.6710200000000001
674,0.084,46.1,0.64,2022-02-14,0.6949428571428572
675,0.078,42.1,0.64,2022-02-15,-0.30593333333333333
676,0.07,34.0,0.66,2022-02-17,0.6839857142857143
677,0.065,31.4,0.66,2022-02-18,0.5979
678,0.061,30.4,0.67,2022-02-19,0.3285333333333333
679,0.058,29.9,0.68,2022-02-20,0.22515000000000002
680,0.056,23.3,0.68,2022-02-21,0.006900000000000017
681,0.053,24.1,0.69,2022-02-22,0.5303777777777778
682,0.051,22.8,0.7,2022-02-23,0.013225000000000015
683,0.048,21.6,0.7,2022-02-24,0.26956250000000004
684,0.043,20.6,0.72,2022-02-27,-9.999999999998899e-05
685,0.04,22.5,0.73,2022-02-28,0.15134285714285717
686,0.068,17.4,0.73,2022-03-01,0.5926642857142858
687,0.067,15.9,0.74,2022-03-02,0.5266
688,0.067,14.6,0.75,2022-03-03,0.5130666666666667
689,0.066,14.7,0.76,2022-03-04,0.33105555555555555
690,0.066,13.3,0.77,2022-03-05,0.19127999999999998
691,0.066,13.2,0.79,2022-03-06,0.50305
692,0.065,12.1,0.8,2022-03-07,0.45585
693,0.027,11.8,0.81,2022-03-08,0.9891333333333333
694,0.025,11.3,0.82,2022-03-09,0.4474538461538462
695,0.025,10.7,0.84,2022-03-10,0.3585
696,0.024,10.5,0.85,2022-03-11,0.4728625
697,0.023,10.3,0.86,2022-03-12,0.8777666666666667
698,0.022,10.2,0.87,2022-03-13,0.991025
699,0.022,9.4,0.89,2022-03-14,-0.09914
700,0.022,9.1,0.9,2022-03-15,0.48768571428571433
701,0.021,8.8,0.91,2022-03-16,0.5282
702,0.021,8.7,0.92,2022-03-17,0.039533333333333344
703,0.021,8.4,0.93,2022-03-18,0.3988
704,0.021,8.5,0.94,2022-03-19,0.33321666666666666
705,0.021,8.5,0.94,2022-03-20,0.012699999999999989
706,0.022,8.5,0.95,2022-03-21,0.18557142857142855
707,0.022,8.5,0.95,2022-03-22,-0.008425000000000016
708,0.023,8.8,0.96,2022-03-23,0.3333
709,0.023,8.8,0.97,2022-03-24,-0.015388888888888872
710,0.023,8.7,0.98,2022-03-25,-0.03567272727272728
711,0.023,8.7,0.98,2022-03-26,0.9990333333333333
712,0.024,8.7,0.99,2022-03-27,-0.09075
713,0.024,8.6,1.0,2022-03-28,0.24582500000000002
714,0.025,8.6,1.01,2022-03-29,0.4909
715,0.026,7.6,1.03,2022-03-31,0.68516
716,0.027,7.5,1.04,2022-04-01,0.27187272727272727
717,0.027,7.5,1.05,2022-04-02,-0.0013499999999999623
718,0.028,7.4,1.06,2022-04-03,-0.017024999999999985
719,0.029,7.4,1.07,2022-04-04,0.7978666666666667
720,0.03,7.6,1.08,2022-04-05,0.5019750000000001
721,0.031,8.4,1.1,2022-04-06,0.8825200000000001
722,0.033,8.4,1.11,2022-04-07,0.5349666666666667
723,0.034,8.9,1.12,2022-04-08,0.734275
724,0.035,9.0,1.13,2022-04-09,0.9571666666666667
725,0.036,9.1,1.13,2022-04-10,0.9966333333333334
726,0.038,9.5,1.14,2022-04-11,0.99885
727,0.04,9.4,1.14,2022-04-12,0.3061625
728,0.043,9.9,1.15,2022-04-13,0.45236363636363636
729,0.046,10.9,1.15,2022-04-14,0.21696000000000004
730,0.048,11.0,1.16,2022-04-15,0.3279444444444445
731,0.051,10.9,1.16,2022-04-16,0.99475
732,0.052,11.1,1.16,2022-04-17,0.98975
733,0.053,11.5,1.16,2022-04-18,0.533988888888889
734,0.054,12.4,1.16,2022-04-19,0.4986
735,0.054,12.8,1.16,2022-04-20,0.9438888888888888
736,0.055,12.9,1.16,2022-04-21,0.45299090909090906
737,0.055,13.8,1.16,2022-04-22,0.44825
738,0.055,14.1,1.16,2022-04-23,0.99
739,0.056,14.2,1.16,2022-04-24,0.9943666666666666
740,0.058,14.9,1.16,2022-04-25,0.9903888888888888
741,0.06,15.1,1.16,2022-04-26,0.32725
742,0.062,16.0,1.16,2022-04-27,0.9731714285714286
743,0.065,16.6,1.16,2022-04-28,0.1464
744,0.066,17.2,1.16,2022-04-29,0.4518375
745,0.068,17.4,1.16,2022-04-30,0.992
746,0.069,17.5,1.16,2022-05-01,0.98735
747,0.071,18.4,1.16,2022-05-02,0.59522
748,0.074,19.0,1.16,2022-05-03,0.4279285714285714
749,0.077,19.9,1.16,2022-05-04,-0.07198333333333333
750,0.079,20.4,1.16,2022-05-05,0.7055714285714286
751,0.081,21.0,1.16,2022-05-06,0.4935875
752,0.083,21.3,1.15,2022-05-07,0.3364
753,0.085,21.2,1.15,2022-05-08,0.9978666666666666
754,0.087,21.9,1.14,2022-05-09,0.99702
755,0.089,23.0,1.14,2022-05-10,0.9849285714285714
756,0.092,25.4,1.13,2022-05-11,-0.07272666666666666
757,0.095,26.4,1.13,2022-05-12,0.5390888888888888
758,0.097,27.2,1.12,2022-05-13,0.48921666666666663
759,0.099,27.0,1.11,2022-05-14,0.96375
760,0.1,27.3,1.1,2022-05-15,0.3309
761,0.102,28.9,1.09,2022-05-16,0.6301666666666667
762,0.105,30.7,1.07,2022-05-17,0.6182
763,0.106,31.0,1.06,2022-05-18,0.5162714285714286
764,0.108,31.5,1.06,2022-05-19,0.36475
765,0.109,32.6,1.05,2022-05-20,0.5847444444444444
766,0.109,33.2,1.04,2022-05-21,0.995
767,0.11,33.3,1.03,2022-05-22,0.993
768,0.11,32.6,1.02,2022-05-23,0.5469875
769,0.11,32.5,1.02,2022-05-24,0.19667142857142858
770,0.11,33.3,1.01,2022-05-25,-0.2781
771,0.111,33.0,1.01,2022-05-26,-0.6414
772,0.112,33.0,1.01,2022-05-27,-0.20563750000000003
773,0.113,32.0,1.01,2022-05-28,0.98924
774,0.113,31.4,1.01,2022-05-29,-0.503325
775,0.113,27.1,1.01,2022-05-30,-0.00545000000000001
776,0.118,29.2,1.01,2022-05-31,0.5345799999999999
777,0.119,30.6,1.01,2022-06-01,0.11358888888888889
778,0.121,30.4,1.0,2022-06-02,0.0005750000000000061
779,0.121,30.6,1.0,2022-06-03,0.7452875
780,0.121,31.8,1.0,2022-06-04,0.32976666666666665
781,0.122,32.2,1.0,2022-06-05,0.9698500000000001
782,0.121,36.7,0.99,2022-06-06,0.5037076923076923
783,0.119,35.0,0.99,2022-06-07,0.7054714285714285
784,0.119,33.2,0.99,2022-06-08,0.45473636363636366
785,0.119,33.1,0.99,2022-06-09,0.587725
786,0.121,32.8,0.99,2022-06-10,0.2698571428571429
787,0.123,32.5,0.99,2022-06-11,0.33499999999999996
788,0.123,32.6,0.99,2022-06-12,0.9814
789,0.124,32.1,0.99,2022-06-13,-0.19554
790,0.127,31.8,0.99,2022-06-14,0.99498
791,0.132,31.5,0.99,2022-06-15,0.6209058823529412
792,0.135,31.3,1.0,2022-06-16,0.5043777777777778
793,0.136,30.4,1.0,2022-06-17,0.6153636363636363
794,0.137,29.5,1.01,2022-06-18,0.9448000000000001
795,0.137,29.4,1.01,2022-06-19,0.9957
796,0.138,26.3,1.01,2022-06-20,0.99655
797,0.143,29.5,1.01,2022-06-21,0.46997
798,0.145,29.5,1.02,2022-06-22,0.49877499999999997
799,0.147,29.6,1.02,2022-06-23,0.11982857142857142
800,0.15,31.3,1.03,2022-06-24,0.49516
801,0.152,32.7,1.03,2022-06-25,0.07482
802,0.154,32.9,1.03,2022-06-26,0.6875600000000001
803,0.155,36.3,1.03,2022-06-27,0.10864444444444445
804,0.156,32.5,1.03,2022-06-28,0.5142100000000001
805,0.159,33.6,1.03,2022-06-29,0.8065454545454546
806,0.164,34.2,1.04,2022-06-30,0.486825
807,0.166,34.0,1.04,2022-07-01,0.6611
808,0.167,32.4,1.04,2022-07-02,0.6977666666666668
809,0.169,32.0,1.04,2022-07-03,0.41924
810,0.177,32.1,1.05,2022-07-06,0.7133857142857144
811,0.178,31.9,1.05,2022-07-07,0.4826
812,0.181,33.1,1.05,2022-07-08,0.7173999999999999
813,0.182,33.7,1.05,2022-07-09,-0.33383333333333337
814,0.183,34.7,1.05,2022-07-10,0.003300000000000025
815,0.184,37.1,1.04,2022-07-11,0.979
816,0.183,39.8,1.04,2022-07-12,0.4364
817,0.183,37.7,1.03,2022-07-13,0.8329615384615384
818,0.184,38.7,1.03,2022-07-14,0.24296250000000003
819,0.183,38.7,1.03,2022-07-15,0.7417
820,0.184,38.6,1.02,2022-07-16,0.9891666666666667
821,0.184,38.6,1.01,2022-07-17,0.3304666666666667
822,0.184,38.8,1.01,2022-07-18,0.9963799999999999
823,0.184,37.8,1.0,2022-07-19,-0.19253333333333333
824,0.185,38.4,0.99,2022-07-20,0.4475166666666666
825,0.186,38.6,0.99,2022-07-21,0.4368142857142857
826,0.186,38.4,0.99,2022-07-22,0.15071249999999997
827,0.186,38.5,0.98,2022-07-23,0.32903333333333334
828,0.186,38.5,0.98,2022-07-24,0.511
829,0.186,38.4,0.97,2022-07-25,0.3227166666666667
830,0.185,38.6,0.97,2022-07-26,0.5875999999999999
831,0.185,38.3,0.97,2022-07-27,0.8414
832,0.185,38.4,0.97,2022-07-28,0.7998299999999999
833,0.183,37.2,0.96,2022-07-29,0.73483
834,0.182,36.7,0.96,2022-07-30,0.9488000000000001
835,0.182,36.2,0.96,2022-07-31,0.989
836,0.181,36.6,0.95,2022-08-01,0.64545
837,0.179,34.2,0.95,2022-08-02,0.6864875
838,0.176,35.0,0.95,2022-08-03,0.4138928571428572
839,0.175,35.7,0.95,2022-08-04,0.08502222222222224
840,0.173,35.4,0.94,2022-08-05,0.26163333333333333
841,0.171,35.3,0.94,2022-08-06,0.9519000000000001
842,0.169,35.3,0.94,2022-08-07,0.6649
843,0.168,33.9,0.93,2022-08-08,0.9676888888888888
844,0.166,34.8,0.93,2022-08-09,0.772925
845,0.164,33.0,0.93,2022-08-10,0.719125
846,0.162,31.8,0.93,2022-08-11,0.6961428571428572
847,0.16,31.4,0.93,2022-08-12,0.6181875
848,0.159,31.2,0.93,2022-08-13,0.9370666666666666
849,0.158,31.2,0.93,2022-08-14,0.21032499999999998
850,0.156,30.5,0.93,2022-08-15,0.14982499999999999
851,0.153,30.2,0.93,2022-08-16,0.39226923076923076
852,0.151,29.6,0.93,2022-08-17,0.94946
853,0.15,29.1,0.93,2022-08-18,0.967
854,0.149,28.5,0.94,2022-08-19,0.48887499999999995
855,0.148,28.6,0.94,2022-08-20,-0.003449999999999953
856,0.148,28.5,0.94,2022-08-21,-0.011349999999999971
857,0.148,28.1,0.93,2022-08-22,0.505175
858,0.146,27.4,0.93,2022-08-23,0.9979800000000001
859,0.144,27.1,0.93,2022-08-24,0.3251833333333333
860,0.142,26.3,0.93,2022-08-25,0.71951
861,0.141,26.0,0.93,2022-08-26,0.99474
862,0.139,26.1,0.93,2022-08-27,0.5423600000000001
863,0.138,26.1,0.92,2022-08-28,0.99295
864,0.136,25.7,0.92,2022-08-29,0.9865
865,0.135,25.9,0.92,2022-08-30,0.9766
866,0.133,26.0,0.91,2022-08-31,0.7347250000000001
867,0.131,26.0,0.91,2022-09-01,0.5509333333333334
868,0.13,25.4,0.91,2022-09-02,0.9734
869,0.129,25.3,0.91,2022-09-03,0.95875
870,0.127,25.2,0.91,2022-09-04,0.9949666666666667
871,0.125,21.1,0.91,2022-09-05,0.9783999999999999
872,0.125,21.8,0.9,2022-09-06,0.3207
873,0.122,21.4,0.9,2022-09-07,0.9418666666666667
874,0.12,20.6,0.91,2022-09-08,0.9923272727272727
875,0.117,20.0,0.91,2022-09-09,0.33226666666666665
876,0.115,19.8,0.91,2022-09-10,0.99865
877,0.114,20.0,0.91,2022-09-11,0.33569999999999994
878,0.112,23.0,0.91,2022-09-12,0.9852142857142857
879,0.108,20.2,0.91,2022-09-13,-0.17976
880,0.105,19.0,0.91,2022-09-14,0.9352416666666666
881,0.102,19.2,0.91,2022-09-15,0.43025714285714284
882,0.1,18.5,0.91,2022-09-16,0.2718833333333333
883,0.099,18.7,0.91,2022-09-17,0.61238
884,0.098,18.4,0.91,2022-09-18,-0.38572500000000004
885,0.097,17.6,0.91,2022-09-19,0.4860875
886,0.096,17.1,0.91,2022-09-20,0.5943
887,0.094,16.8,0.91,2022-09-21,0.49393750000000003
888,0.093,16.8,0.91,2022-09-22,0.35162
889,0.092,16.2,0.91,2022-09-23,-0.31560000000000005
890,0.092,16.3,0.91,2022-09-24,0.4949
891,0.091,16.3,0.91,2022-09-25,0.9713666666666668
892,0.089,15.9,0.92,2022-09-26,0.998
893,0.088,15.5,0.92,2022-09-27,0.7170124999999999
894,0.087,14.7,0.92,2022-09-28,0.4685727272727273
895,0.086,14.3,0.93,2022-09-29,0.7106142857142856
896,0.085,14.1,0.93,2022-09-30,0.3258666666666667
897,0.084,14.0,0.93,2022-10-01,0.4999
898,0.084,14.0,0.93,2022-10-02,0.9713
899,0.083,13.5,0.93,2022-10-03,0.227775
900,0.082,13.3,0.93,2022-10-04,0.9090666666666666
901,0.081,13.0,0.94,2022-10-05,0.9980399999999999
902,0.081,12.5,0.94,2022-10-06,0.5014416666666667
903,0.081,12.3,0.94,2022-10-07,0.4170125
904,0.08,14.1,0.94,2022-10-09,0.9658
905,0.08,12.9,0.94,2022-10-10,0.447275
906,0.08,13.6,0.94,2022-10-11,0.3212888888888889
907,0.08,13.2,0.94,2022-10-12,0.7404875
908,0.08,13.3,0.94,2022-10-13,0.6208000000000001
909,0.08,13.1,0.94,2022-10-14,0.475775
910,0.08,11.3,0.95,2022-10-15,-0.9957
911,0.08,11.3,0.95,2022-10-16,0.3390666666666666
912,0.079,12.3,0.95,2022-10-17,0.8272
913,0.079,11.4,0.96,2022-10-18,0.455
914,0.079,11.1,0.97,2022-10-19,0.7425777777777778
915,0.078,10.5,0.97,2022-10-20,0.6152071428571428
916,0.077,10.7,0.98,2022-10-21,0.7756555555555555
917,0.077,10.7,0.99,2022-10-22,0.6520833333333333
918,0.077,10.7,1.0,2022-10-23,0.28873333333333334
919,0.078,10.4,1.0,2022-10-24,0.38116875
920,0.078,10.3,1.01,2022-10-25,0.8242142857142857
921,0.078,10.8,1.01,2022-10-26,0.5641933333333333
922,0.079,11.1,1.02,2022-10-27,0.2929375
923,0.08,11.3,1.02,2022-10-28,0.5221333333333333
924,0.08,11.4,1.03,2022-10-29,0.996
925,0.08,11.2,1.03,2022-10-30,0.7079142857142857
926,0.08,11.5,1.03,2022-10-31,0.738575
927,0.08,11.5,1.02,2022-11-01,0.7033571428571428
928,0.081,11.3,1.02,2022-11-02,0.41402857142857147
929,0.081,11.7,1.02,2022-11-03,0.8506
930,0.082,12.1,1.02,2022-11-04,0.0009500000000000064
931,0.082,12.1,1.02,2022-11-05,0.57752
932,0.082,12.2,1.02,2022-11-06,0.9975
933,0.082,11.9,1.02,2022-11-07,0.6582333333333333
934,0.082,11.8,1.01,2022-11-08,0.85805
935,0.082,12.5,1.01,2022-11-09,0.5131249999999999
936,0.081,13.0,1.02,2022-11-10,0.8612357142857142
937,0.081,11.4,1.02,2022-11-11,0.55257
938,0.082,11.3,1.02,2022-11-12,0.989975
939,0.082,11.1,1.02,2022-11-13,0.993975
940,0.081,11.6,1.02,2022-11-14,0.99485
941,0.082,12.1,1.02,2022-11-15,0.62646
942,0.082,11.7,1.03,2022-11-16,0.37459166666666666
943,0.083,11.5,1.03,2022-11-17,0.5604357142857143
944,0.084,12.9,1.05,2022-11-19,0.4108
945,0.085,12.9,1.06,2022-11-20,0.49229999999999996
946,0.087,12.6,1.07,2022-11-21,0.5650000000000001
947,0.09,12.8,1.07,2022-11-22,0.251175
948,0.093,14.1,1.08,2022-11-23,0.6740999999999999
949,0.096,11.8,1.09,2022-11-24,-0.017749999999999988
950,0.099,11.2,1.1,2022-11-25,-0.3164
951,0.102,11.1,1.11,2022-11-26,-0.31906666666666667
952,0.105,11.3,1.12,2022-11-27,0.9870333333333333
953,0.108,11.9,1.12,2022-11-28,0.99355
954,0.112,12.3,1.12,2022-11-29,0.6300307692307693
955,0.114,12.3,1.12,2022-11-30,0.5415222222222222
956,0.115,15.0,1.13,2022-12-01,0.7737222222222222
957,0.116,17.1,1.13,2022-12-02,0.728275
958,0.117,17.2,1.12,2022-12-03,0.9686
959,0.118,17.1,1.12,2022-12-04,0.4102
960,0.118,17.0,1.11,2022-12-05,0.037183333333333325
961,0.119,17.1,1.1,2022-12-06,0.42525714285714283
962,0.119,18.7,1.09,2022-12-07,0.8215153846153846
963,0.12,20.5,1.09,2022-12-08,0.5810500000000001
964,0.12,18.8,1.08,2022-12-09,0.7741
965,0.121,18.8,1.07,2022-12-10,0.518275
966,0.121,18.8,1.06,2022-12-11,0.062
967,0.122,18.8,1.05,2022-12-12,0.3300666666666667
968,0.122,19.3,1.04,2022-12-13,0.7045375
969,0.123,19.5,1.04,2022-12-14,0.4310285714285714
970,0.124,18.9,1.03,2022-12-15,0.14303846153846153
971,0.125,20.6,1.03,2022-12-16,0.5943714285714287
972,0.125,20.6,1.03,2022-12-17,0.4908
973,0.126,20.7,1.02,2022-12-18,0.9911
974,0.127,20.8,1.01,2022-12-19,0.7202583333333333
975,0.129,20.7,1.01,2022-12-20,0.46756000000000003
976,0.132,22.1,1.01,2022-12-21,0.9692333333333334
977,0.134,23.0,1.0,2022-12-22,0.6831076923076923
978,0.137,21.2,1.0,2022-12-23,0.6443000000000001
979,0.138,21.2,1.0,2022-12-24,-0.9873000000000001
980,0.138,21.1,0.99,2022-12-25,0.9989
981,0.14,19.0,0.98,2022-12-26,-0.998
982,0.144,20.3,0.98,2022-12-27,0.6532142857142856
983,0.148,17.5,0.97,2022-12-28,0.9957
984,0.151,15.8,0.96,2022-12-29,0.817625
985,0.142,33.1,0.91,2023-01-06,0.5874090909090909
986,0.14,17.1,0.91,2023-01-07,-0.32453333333333334
987,0.138,12.0,0.91,2023-01-08,0.8457
988,0.134,12.3,0.91,2023-01-09,0.013275000000000009
989,0.128,12.5,0.9,2023-01-10,0.3039636363636364
990,0.123,18.4,0.91,2023-01-11,0.6255083333333333
991,0.119,19.9,0.91,2023-01-12,0.5379111111111111
992,0.116,16.5,0.91,2023-01-13,0.004600000000000011
993,0.114,16.6,0.92,2023-01-14,-0.10235
994,0.112,16.5,0.92,2023-01-15,0.542675
995,0.111,14.9,0.91,2023-01-16,0.9596666666666667
996,0.11,15.5,0.92,2023-01-17,0.9963200000000001
997,0.108,15.0,0.92,2023-01-18,0.746725
998,0.107,13.7,0.92,2023-01-19,0.4554
999,0.105,14.4,0.93,2023-01-21,0.24233333333333332
1000,0.105,14.4,0.93,2023-01-22,0.99805
1001,0.104,15.6,0.93,2023-01-23,0.19136
1002,0.103,14.3,0.94,2023-01-24,0.7865181818181818
1003,0.102,12.7,0.94,2023-01-25,0.3070333333333333
1004,0.101,13.2,0.95,2023-01-26,-0.005320000000000014
1005,0.102,12.0,0.96,2023-01-27,-0.42701428571428574
1006,0.101,12.0,0.96,2023-01-28,0.9916
1007,0.101,11.9,0.96,2023-01-29,0.33404
1008,0.1,11.8,0.97,2023-01-30,0.4957125
1009,0.1,11.8,0.97,2023-01-31,0.19788
1010,0.1,11.7,0.97,2023-02-01,0.0007999999999999952
1011,0.099,11.2,0.97,2023-02-02,0.19731
1012,0.098,13.4,0.97,2023-02-03,0.23416666666666672
1013,0.098,13.4,0.97,2023-02-04,-0.58396
1014,0.097,13.3,0.97,2023-02-05,0.9894
1015,0.097,13.1,0.97,2023-02-06,0.46979
1016,0.096,13.1,0.96,2023-02-07,0.7666299999999999
1017,0.096,13.2,0.96,2023-02-08,0.7423333333333333
1018,0.096,13.3,0.96,2023-02-09,0.755170588235294
1019,0.096,11.1,0.96,2023-02-10,0.5819300000000001
1020,0.096,11.1,0.96,2023-02-11,0.041549999999999976
1021,0.096,11.1,0.96,2023-02-12,0.39904999999999996
1022,0.095,11.1,0.95,2023-02-13,0.835925
1023,0.095,10.9,0.95,2023-02-14,0.9581
1024,0.094,10.5,0.95,2023-02-15,0.2559
1025,0.092,10.5,0.96,2023-02-16,0.46044545454545455
1026,0.092,11.9,0.96,2023-02-17,-0.05700999999999999
1027,0.092,12.0,0.96,2023-02-18,0.491725
1028,0.091,12.0,0.96,2023-02-19,0.9954666666666666
1029,0.091,11.3,0.96,2023-02-20,-0.9258
1030,0.09,11.4,0.96,2023-02-21,0.21386
1031,0.089,11.3,0.96,2023-02-22,0.4219
1032,0.088,11.0,0.96,2023-02-23,0.5567888888888889
1033,0.086,9.5,0.96,2023-02-24,0.25355999999999995
1034,0.085,9.4,0.95,2023-02-25,-0.17229999999999998
1035,0.084,9.4,0.95,2023-02-26,-0.2722333333333334
1036,0.083,9.8,0.94,2023-02-27,0.9466333333333333
1037,0.081,9.8,0.93,2023-02-28,0.7005222222222223
1038,0.08,9.2,0.91,2023-03-01,0.32103333333333334
1039,0.078,9.1,0.9,2023-03-02,0.19134
1040,0.077,11.6,0.89,2023-03-03,0.19702000000000003
1041,0.076,11.6,0.88,2023-03-04,0.9960333333333334
1042,0.075,11.6,0.86,2023-03-05,0.991925
1043,0.073,11.5,0.85,2023-03-06,-0.001499999999999983
1044,0.072,11.3,0.83,2023-03-07,0.5105999999999999
1045,0.071,10.2,0.82,2023-03-08,0.39755
1046,0.07,9.9,0.81,2023-03-09,0.007599999999999996
1047,0.07,7.4,0.81,2023-03-10,0.8874875
1048,0.069,7.4,0.81,2023-03-11,0.8946000000000001
1049,0.069,7.3,0.8,2023-03-12,0.9995
1050,0.069,7.3,0.81,2023-03-13,0.9609833333333334
1051,0.068,7.1,0.81,2023-03-14,0.7076
1052,0.066,5.0,0.84,2023-03-16,0.35796923076923076
1053,0.066,5.5,0.86,2023-03-17,0.2782125
1054,0.066,5.5,0.88,2023-03-18,0.9951428571428572
1055,0.065,5.5,0.9,2023-03-19,0.987425
1056,0.065,5.3,0.92,2023-03-20,0.5186444444444445
1057,0.066,5.2,0.94,2023-03-21,0.4058
1058,0.066,6.7,0.96,2023-03-22,0.7257999999999999
1059,0.067,5.4,0.99,2023-03-24,0.503523076923077
1060,0.066,6.6,1.01,2023-03-25,0.10810000000000002
1061,0.066,7.8,1.02,2023-03-26,0.5012333333333333
1062,0.066,8.5,1.02,2023-03-27,0.27075
1063,0.066,8.9,1.02,2023-03-28,-0.1583857142857143
1064,0.065,7.5,1.02,2023-03-29,0.60838125
1065,0.064,7.2,1.02,2023-03-30,0.3355461538461538
1066,0.064,7.0,1.01,2023-03-31,-0.17995555555555554
1067,0.064,6.7,1.01,2023-04-01,0.7334
1068,0.063,6.5,1.0,2023-04-02,0.99125
1069,0.063,6.2,0.98,2023-04-03,0.9768909090909091
1070,0.062,5.9,0.97,2023-04-04,0.6141636363636364
1071,0.062,5.7,0.96,2023-04-05,0.7108583333333334
1072,0.062,5.5,0.95,2023-04-06,0.4120916666666667
1073,0.062,5.4,0.95,2023-04-07,0.5216222222222222
1074,0.061,5.3,0.94,2023-04-08,0.338
1075,0.061,5.1,0.94,2023-04-09,0.9672333333333333
1076,0.06,5.0,0.93,2023-04-10,0.2666636363636364
1077,0.061,4.9,0.92,2023-04-11,-0.17742
1078,0.06,4.7,0.92,2023-04-12,0.38270000000000004
1079,0.06,4.7,0.93,2023-04-13,-0.2179625
1080,0.059,4.7,0.93,2023-04-14,0.1833875
1081,0.059,4.7,0.93,2023-04-15,0.34193333333333326
1082,0.058,4.7,0.93,2023-04-16,0.9618666666666668
1083,0.057,4.6,0.93,2023-04-17,0.20026000000000002
1084,0.056,4.6,0.93,2023-04-18,0.016478571428571436
1085,0.054,4.6,0.93,2023-04-19,0.7093266666666668
1086,0.053,4.5,0.93,2023-04-20,0.4502
1087,0.052,4.5,0.94,2023-04-21,0.21244285714285713
1088,0.051,4.4,0.94,2023-04-22,0.32613333333333333
1089,0.051,4.4,0.94,2023-04-23,0.6583
1090,0.05,4.3,0.94,2023-04-24,0.7432875
1091,0.05,4.2,0.94,2023-04-25,0.5870200000000001
1092,0.05,4.2,0.95,2023-04-26,0.2492909090909091
1093,0.05,4.1,0.96,2023-04-27,0.3866222222222222
1094,0.049,4.0,0.98,2023-04-28,0.5428999999999999
1095,0.049,4.0,0.99,2023-04-29,0.97204
1096,0.05,3.9,1.0,2023-04-30,0.3113666666666667
1097,0.05,3.8,1.01,2023-05-01,0.79501
1098,0.05,3.8,1.03,2023-05-02,0.5492444444444444
1099,0.051,3.7,1.05,2023-05-03,0.5556222222222222
1100,0.051,3.6,1.07,2023-05-04,0.643925
1101,0.05,3.6,1.09,2023-05-05,0.09086666666666669
1102,0.05,3.5,1.11,2023-05-06,0.9404
1103,0.05,3.4,1.13,2023-05-07,-0.004149999999999987
1104,0.049,3.4,1.15,2023-05-08,0.14244285714285715
1105,0.049,3.3,1.17,2023-05-09,0.20376363636363637
